_id,channelId,videoId,textDisplay,textOriginal,authorDisplayName,authorProfileImageUrl,authorChannelUrl,authorChannelId.value,canRate,viewerRating,likeCount,publishedAt,updatedAt,label
6651837620ee1df904ba4adf,UC-z1ubmS-iHMVr83EEwRS2g,fNX6Gu2F7A8,ga ada edho zell,ga edho zel,@hilaliavurys.a3010,https://yt3.ggpht.com/ytc/AIdro_n5qj9yXsDA-9jDsM-gFFWlu0TXt8yeoYqbWrQIcnBEsA=s48-c-k-c0x00ffffff-no-rj,http://www.youtube.com/@hilaliavurys.a3010,UCDx8T8KXZDk4mph8G5Omyeg,True,none,0,2016-05-21T09:33:40Z,2016-05-21T09:33:40Z,negatif
6651837620ee1df904ba50e0,UC-z1ubmS-iHMVr83EEwRS2g,fNX6Gu2F7A8,Nessie mas<br>Yang pake baju pink,nesie masyang pake baju pink,@yohanestaba6337,https://yt3.ggpht.com/ytc/AIdro_lc3fyehyGqvTDkAdzYG0PXGdQaE2diLTx6fYPwGKo=s48-c-k-c0x00ffffff-no-rj,http://www.youtube.com/@yohanestaba6337,UCbvxMjQYv0p5zlmn-jvPUWg,True,none,0,2016-01-05T07:08:36Z,2016-01-05T07:08:36Z,netral
6651837620ee1df904ba4bec,UC-z1ubmS-iHMVr83EEwRS2g,fNX6Gu2F7A8,petjaaaaaaaaaaaaaaaaaah!!!!! proud of you guyssssss!!!,petjah proud of you guys,@niarf268,https://yt3.ggpht.com/ytc/AIdro_n5ptBPqGgMvVcQLQJWLa4BG3d6suPzIYcQA3zthSEx_Q=s48-c-k-c0x00ffffff-no-rj,http://www.youtube.com/@niarf268,UCz8VkdT70mpR3TVEJIwk2CA,True,none,0,2015-12-18T01:39:49Z,2015-12-18T01:39:49Z,positif
6651837620ee1df904ba4a2f,UC-z1ubmS-iHMVr83EEwRS2g,fNX6Gu2F7A8,Kangen bet wkwk,kangen bet wkwk,@deviandriani4579,https://yt3.ggpht.com/ytc/AIdro_k5qYhlbClA9t1epLAJe8PkVtJAiDeWZSaGTOJzs0f7sQ=s48-c-k-c0x00ffffff-no-rj,http://www.youtube.com/@deviandriani4579,UC7G5XhA8ftXuqlQ--n7TwYw,True,none,0,2018-12-09T08:21:18Z,2018-12-09T08:21:18Z,netral
6651837620ee1df904ba4c72,UC-z1ubmS-iHMVr83EEwRS2g,fNX6Gu2F7A8,Menit 3.23 keren mat,menit keren mat,@bocahtencent2486,https://yt3.ggpht.com/ytc/AIdro_lALJyQBEiOWMiz_6J5qXJHfK5Xs0zHSbqus-BFI1kQQA=s48-c-k-c0x00ffffff-no-rj,http://www.youtube.com/@bocahtencent2486,UCkTXokztfWvubUIyphLMCQQ,True,none,0,2018-07-15T02:10:07Z,2018-07-15T02:10:07Z,netral
6651837620ee1df904ba4b5e,UC-z1ubmS-iHMVr83EEwRS2g,fNX6Gu2F7A8,Mantullll,mantul,@cetoktvofficial1037,https://yt3.ggpht.com/ytc/AIdro_nPYCZOn0BofWK1lvsTpOgGNJiTbHrnHXo1cdeVlW5vqw=s48-c-k-c0x00ffffff-no-rj,http://www.youtube.com/@cetoktvofficial1037,UCyz5UR3rBqlttKx5BU-unbg,True,none,0,2021-01-03T09:32:35Z,2021-01-03T09:32:35Z,positif
6651837620ee1df904ba4d63,UC-z1ubmS-iHMVr83EEwRS2g,fNX6Gu2F7A8,wak bagaga,wak bagaga,@gminpoinblank1913,https://yt3.ggpht.com/ytc/AIdro_nunKReKkziA_6smrj8x4eXychPaoWTWKlYt8EPqOVNlg=s48-c-k-c0x00ffffff-no-rj,http://www.youtube.com/@gminpoinblank1913,UCDhjKaJwAXpDuENkwkHraVg,True,none,0,2016-12-23T03:00:32Z,2016-12-23T03:00:32Z,negatif
6651837620ee1df904ba4f3d,UC-z1ubmS-iHMVr83EEwRS2g,fNX6Gu2F7A8,Hahaha!!! Bagua banget dan lucu,hahaha bagua banget lucu,@fps--gaming349,https://yt3.ggpht.com/ytc/AIdro_l2JNK4ZICsghu-oXLY6_IfBMLfMPj4uOaBitS1hwDXYA=s48-c-k-c0x00ffffff-no-rj,http://www.youtube.com/@fps--gaming349,UCt7B3lUcXWqEdLQTT0UkgfA,True,none,0,2015-12-27T16:12:37Z,2015-12-27T16:12:37Z,positif
6651837620ee1df904ba4f39,UC-z1ubmS-iHMVr83EEwRS2g,fNX6Gu2F7A8,ada rich chigga njir,rich chiga njir,@rizkymarcelo8512,https://yt3.ggpht.com/ytc/AIdro_lQx8pnNdSAcBKMS3enWOQUsdEDn01CUsvZEln0v41psUI=s48-c-k-c0x00ffffff-no-rj,http://www.youtube.com/@rizkymarcelo8512,UCJav2NWB6QlfERPaQOZCWFQ,True,none,0,2016-09-09T11:05:24Z,2016-09-09T11:05:24Z,netral
6651837620ee1df904ba4f90,UC-z1ubmS-iHMVr83EEwRS2g,fNX6Gu2F7A8,"PARAAAHHH! sampe gak bisa ngedip ni mata, kereeen",parah sampe bisa ngedip ni mata keren,@afifasmayulia,https://yt3.ggpht.com/ytc/AIdro_mYH-uZvI0AeIi5X9l8kRf_DVPwtg86AX0wUpz37VuldRw=s48-c-k-c0x00ffffff-no-rj,http://www.youtube.com/@afifasmayulia,UCiu0AOJBuv_R9XkgZwrMCOA,True,none,0,2015-12-11T06:47:34Z,2015-12-11T06:47:34Z,positif
6651837620ee1df904ba5043,UC-z1ubmS-iHMVr83EEwRS2g,fNX6Gu2F7A8,awesome banget parahüíôüíôüíô,awesome banget parah,@loveandlieful,https://yt3.ggpht.com/ytc/AIdro_k5QIdew6tNd7iB7UxykPPL-qdIY8Amv7Cv_NCuuHOus0Q=s48-c-k-c0x00ffffff-no-rj,http://www.youtube.com/@loveandlieful,UCPO9gYr84PDJDF68rJqaA0A,True,none,0,2015-12-11T12:18:21Z,2015-12-11T12:18:21Z,positif
6651837620ee1df904ba5145,UC-z1ubmS-iHMVr83EEwRS2g,fNX6Gu2F7A8,kok gak ada edho sih ?,kok ada edho sih,@rafarifah,https://yt3.ggpht.com/_w17nsO5SyI1f2Faqy_iRMgugJFBKEKEYrZOidGDlpuCC7mF0j3icjjTZ6P83OVOHmEzR5u1Sw=s48-c-k-c0x00ffffff-no-rj,http://www.youtube.com/@rafarifah,UCm5N1Xg6XMEP8oQcqf94a9w,True,none,0,2015-12-14T14:29:15Z,2015-12-14T14:29:15Z,negatif
6651837620ee1df904ba4b56,UC-z1ubmS-iHMVr83EEwRS2g,fNX6Gu2F7A8,Kangen Rich Chigga,kangen rich chiga,@user-jd1ne2wm2n,https://yt3.ggpht.com/ytc/AIdro_kISuqnBh2wnjQiw9PzQw_Dt58_NwtXaQGhyLVf0lk=s48-c-k-c0x00ffffff-no-rj,http://www.youtube.com/@user-jd1ne2wm2n,UCvYZpAHarpkoVlIv6EcAGcQ,True,none,0,2019-06-26T09:07:22Z,2019-06-26T09:07:22Z,netral
6651837620ee1df904ba4dd1,UC-z1ubmS-iHMVr83EEwRS2g,fNX6Gu2F7A8,Keren youtube rewind nya..editannya sipp..oke dah..<br>Youtube Rewind Indonesia 2015 pecah abiss..,keren youtube rewind nyaeditanya sipoke dahyoutube rewind indonesia pecah abis,@gilangpermana2437,https://yt3.ggpht.com/ytc/AIdro_kL4KhFhRtW5YvihUqem8fPG5DmGltIvxkr4i5wN2rlmyI=s48-c-k-c0x00ffffff-no-rj,http://www.youtube.com/@gilangpermana2437,UC-q5aTCrZ4UlsmIKRxck3Zw,True,none,0,2015-12-11T10:20:21Z,2015-12-11T10:20:21Z,positif
6651837620ee1df904ba4d51,UC-z1ubmS-iHMVr83EEwRS2g,fNX6Gu2F7A8,edho zell?? engga masuk?,edho zel enga masuk,@derrytresnadi1894,https://yt3.ggpht.com/ytc/AIdro_n0o8Bv9HqQty6GMzMa3yjU35lN9yq5MtzUO9R1Ng4lnA=s48-c-k-c0x00ffffff-no-rj,http://www.youtube.com/@derrytresnadi1894,UCAvvZ5y1Vty25IfcmmQXg6g,True,none,0,2015-12-14T22:41:04Z,2015-12-14T22:41:04Z,negatif
6651837620ee1df904ba5164,UC-z1ubmS-iHMVr83EEwRS2g,fNX6Gu2F7A8,"Judul lagu di menit <a href=""https://www.youtube.com/watch?v=fNX6Gu2F7A8&amp;t=214"">3:34</a> apa?",judul lagu menit apa,@naufalziyad1247,https://yt3.ggpht.com/ytc/AIdro_k3GxV_8t5-cNz0dSqlHbI5s5CYuGxw7ObGvoTefgs=s48-c-k-c0x00ffffff-no-rj,http://www.youtube.com/@naufalziyad1247,UCqMZFtVWFeutm5dOXc6I2sA,True,none,1,2019-02-01T04:29:00Z,2019-02-01T04:29:00Z,netral
6651837620ee1df904ba4bb6,UC-z1ubmS-iHMVr83EEwRS2g,fNX6Gu2F7A8,YouTube 2019 isi nya orang tv semua,youtube isi nya orang tv semua,@rosulromadhon6131,https://yt3.ggpht.com/ytc/AIdro_kASJ_Pdn3G6ZZb6TWTAO1Sb4CuF1zvde8waVhnb8u4RIM=s48-c-k-c0x00ffffff-no-rj,http://www.youtube.com/@rosulromadhon6131,UCXcalEa9PJq3skVaHB7Sk5A,True,none,0,2019-12-11T04:11:56Z,2019-12-11T04:11:56Z,negatif
6651837620ee1df904ba4a2d,UC-z1ubmS-iHMVr83EEwRS2g,fNX6Gu2F7A8,INI LAH REWIND YOUTUBER KETIKA GAK ADA YANG GIVE AWAY.....PARA YT OLD,lah rewind youtuber tidak yang give awaypara yt old,@KingCreeperOFFICIAL,https://yt3.ggpht.com/jTgUutVgP85qmLWYhm4lTSTIJK8baXka8YP6SqruzAIStYb4dOJq_IOHbGNP-pUGHrpdbGOC=s48-c-k-c0x00ffffff-no-rj,http://www.youtube.com/@KingCreeperOFFICIAL,UCZDYPXbIodn6-eiF5leNW6Q,True,none,0,2021-01-02T05:07:22Z,2021-01-02T05:07:22Z,negatif
6651837620ee1df904ba50a9,UC-z1ubmS-iHMVr83EEwRS2g,fNX6Gu2F7A8,wu ada kevin Rando arap reza keren wuuuuuuuuu,wu kevin rando arap reza keren wu,@alesyahjagadd.a.6104,https://yt3.ggpht.com/ytc/AIdro_mUR7fOvflF1tLFCEPy6d3cXbL3AFOgHq532ah7sGSPZks=s48-c-k-c0x00ffffff-no-rj,http://www.youtube.com/@alesyahjagadd.a.6104,UCWhZTQ_QRhIXe-7hVsj0HxA,True,none,0,2016-10-15T00:23:38Z,2016-10-15T00:23:38Z,netral
6651837620ee1df904ba4fbd,UC-z1ubmS-iHMVr83EEwRS2g,fNX6Gu2F7A8,KEREN BANGETTTTüò≠üò≠üò≠,keren banget,@sabrinaasyifa4976,https://yt3.ggpht.com/ytc/AIdro_krLkKo3-8xEPHRgyo8ctJvnVCuE9OzOJzCHb7HEuRB3SM=s48-c-k-c0x00ffffff-no-rj,http://www.youtube.com/@sabrinaasyifa4976,UChBsrc4deOpOxp5gTGo5nFg,True,none,0,2024-01-13T20:20:11Z,2024-01-13T20:20:11Z,positif
6651837620ee1df904ba4f48,UC-z1ubmS-iHMVr83EEwRS2g,fNX6Gu2F7A8,yay onok mas bayu,yay onok mas bayu,@samuelrahadi,https://yt3.ggpht.com/ytc/AIdro_nXHuiLoS6O5sOLvys-YkcoclJCFFtYpQ0LgxQQyd51w_I=s48-c-k-c0x00ffffff-no-rj,http://www.youtube.com/@samuelrahadi,UCHJ3eiKLlg6EtKm_ROGIkPQ,True,none,1,2016-12-09T05:35:23Z,2016-12-09T05:35:23Z,netral
6651837620ee1df904ba4b65,UC-z1ubmS-iHMVr83EEwRS2g,fNX6Gu2F7A8,"<a href=""https://www.youtube.com/watch?v=fNX6Gu2F7A8&amp;t=202"">3:22</a> EPIC MOMENTS üî•üëç",epic moments,@muhammaddiosyah4777,https://yt3.ggpht.com/psozQwuybvGnpnfhZvid3shLGKmRVrI43JXp9ACeGEI6_xH8z8WREZETZLEdyTMf0etOjaAERVc=s48-c-k-c0x00ffffff-no-rj,http://www.youtube.com/@muhammaddiosyah4777,UCVxdg9cYUwmIC-TL-ITqKVQ,True,none,1,2022-01-06T08:01:07Z,2022-01-06T08:01:07Z,positif
6651837620ee1df904ba4fe5,UC-z1ubmS-iHMVr83EEwRS2g,fNX6Gu2F7A8,nessie kurus and langsing ya,nesie kurus and langsing,@mesitungkir9223,https://yt3.ggpht.com/ytc/AIdro_nOr8vLSl-jeAtWudH2r2M_IYlisQalkv3DchVTPIk=s48-c-k-c0x00ffffff-no-rj,http://www.youtube.com/@mesitungkir9223,UCGldL1iblixAlMMjlkqnnAw,True,none,0,2020-12-29T08:20:51Z,2020-12-29T08:20:51Z,netral
6651837620ee1df904ba508a,UC-z1ubmS-iHMVr83EEwRS2g,fNX6Gu2F7A8,Aulionnn‚ô•Ô∏è,aulion,@rifqizulfauzi7133,https://yt3.ggpht.com/KI0dblXwPqTiKdz1-lityi6Et0XeMwN_NtDvR7RwQg0PgJaWCkX5Jd1i01bytfIcVu1a4K5_Sw=s48-c-k-c0x00ffffff-no-rj,http://www.youtube.com/@rifqizulfauzi7133,UC0YHJD587lXdHMchhBQRb2g,True,none,0,2020-12-04T06:41:25Z,2020-12-04T06:41:25Z,positif
6651837620ee1df904ba4c34,UC-z1ubmS-iHMVr83EEwRS2g,fNX6Gu2F7A8,@nessie judge üòçüòçüòç,judge,@alisyahbannur,https://yt3.ggpht.com/LHqX22t7pM3yechqM5A5CGdyEo7w1YBu5qxR8YKb1FCrhn5j6bjF5gJmVJvC19aU2xGpP4I0=s48-c-k-c0x00ffffff-no-rj,http://www.youtube.com/@alisyahbannur,UCz-rjl1Z2UcDTNEinX6h14Q,True,none,0,2020-05-25T02:21:14Z,2020-05-25T02:21:14Z,negatif
6651837620ee1df904ba4d46,UC-z1ubmS-iHMVr83EEwRS2g,fNX6Gu2F7A8,Saya masih bocah pada waktu itu,masih bocah waktu,@XDDHIRA,https://yt3.ggpht.com/ytc/AIdro_nU8UK3cGTwq63H2Kn8lfarJZXDuOkA4ar_hovAboE=s48-c-k-c0x00ffffff-no-rj,http://www.youtube.com/@XDDHIRA,UCk_ijXeIjRBxYePsNiugW6A,True,none,1,2020-12-31T04:15:50Z,2020-12-31T04:15:50Z,negatif
6651837620ee1df904ba4ca4,UC-z1ubmS-iHMVr83EEwRS2g,fNX6Gu2F7A8,I love MiauAug,love miauaug,@nazuu2008,https://yt3.ggpht.com/ytc/AIdro_n3Sr2crJI5Rw6T-wXJVwNvbhqJYHIy02JdXD9adZN5JZg=s48-c-k-c0x00ffffff-no-rj,http://www.youtube.com/@nazuu2008,UC1o_blVshBHP_JPWGnadcxA,True,none,0,2020-02-16T20:56:37Z,2020-02-16T20:56:37Z,positif
6651837620ee1df904ba4ad7,UC-z1ubmS-iHMVr83EEwRS2g,fNX6Gu2F7A8,youtube rewind yang 2016 pake menquin chalange biar keren . Ooo..................................................................................................,youtube rewind pake menquin chalange biar keren,@blantengmsbt258,https://yt3.ggpht.com/ytc/AIdro_liqtGXK2YmRVljSzRrBniBM3slwoJ5AK6YL0xjisqftQ=s48-c-k-c0x00ffffff-no-rj,http://www.youtube.com/@blantengmsbt258,UCLUol8iFu7qkd4FM1FZrtNQ,True,none,0,2016-12-18T13:21:24Z,2016-12-18T13:21:24Z,netral
6651837620ee1df904ba4cc1,UC-z1ubmS-iHMVr83EEwRS2g,fNX6Gu2F7A8,tahun depan gw mohon coba ajak youtubers  out of the box gw mau nanti ada jodie motovlog hd sm dunia motor tv i hope itttt,tahun depan mohon coba ajak youtubers out of the box mau ada jodie motovlog hd sama dunia motor tv hope it,@daffasetiawan4262,https://yt3.ggpht.com/ytc/AIdro_looxGpsOj6gnYdVa24057OVKugh9qu5gRdMGs4Xuc=s48-c-k-c0x00ffffff-no-rj,http://www.youtube.com/@daffasetiawan4262,UCz6m4JCThEdQVeTbMNeD3Jg,True,none,0,2015-12-12T11:37:59Z,2015-12-12T11:37:59Z,negatif
6651837620ee1df904ba4d11,UC-z1ubmS-iHMVr83EEwRS2g,fNX6Gu2F7A8,gan klo bisa kirimin donk lagu2 yg ada di Vid,gan kalau kirimin donk lagu ada vid,@Kaes.R,https://yt3.ggpht.com/HUCrtXO-3NHGu1CsDR4Fvmb6C31KApTlDDIWrPYV3GfA_VfeUkV_Mt5yE7PezZUz4WKh2KYP=s48-c-k-c0x00ffffff-no-rj,http://www.youtube.com/@Kaes.R,UCKLIj3mjBtDaALFIc2LxFrA,True,none,0,2015-12-27T00:22:13Z,2015-12-27T00:22:13Z,netral
6651837620ee1df904ba4e17,UC-z1ubmS-iHMVr83EEwRS2g,fNX6Gu2F7A8,yahh ngga ada edho zell,yah nga edho zel,@faizarya._,https://yt3.ggpht.com/ytc/AIdro_lxu1sd4-rMXvUWf3RLzG0OSeWtYMn2nUfF0wgk8siFS2Ef=s48-c-k-c0x00ffffff-no-rj,http://www.youtube.com/@faizarya._,UCB4j6Wh681awAFNYzVSC0Kw,True,none,0,2015-12-16T02:13:45Z,2015-12-16T02:13:45Z,negatif
6651837620ee1df904ba4cba,UC-z1ubmS-iHMVr83EEwRS2g,fNX6Gu2F7A8,2020 please?,please,@ilhamhs06,https://yt3.ggpht.com/voevZLfHRGWOto7PytIexQZFQEsCM1eNCuL4NrbXheYVw65gsrxT2-LAe_X_cDtCQeG8n1cQBA=s48-c-k-c0x00ffffff-no-rj,http://www.youtube.com/@ilhamhs06,UCEq2W1rBtOy57LCAViG6liw,True,none,0,2020-06-05T06:11:40Z,2020-06-05T06:11:40Z,negatif
6651837620ee1df904ba4b14,UC-z1ubmS-iHMVr83EEwRS2g,fNX6Gu2F7A8,Gilaa kangen bangett guaaü•≤üò≠üò≠üò≠,gila kangen banget gua,@itsthereiam,https://yt3.ggpht.com/jpEVnQ8dm9lTnSpU_ghlwdgYOpF3l-Ezco2qL2iP95yWnS2wVzambGnuybLk-QkzLzv3FuHCLQ=s48-c-k-c0x00ffffff-no-rj,http://www.youtube.com/@itsthereiam,UC5GRLMchqKV3AkeoAB2Rtwg,True,none,3,2023-07-25T13:58:31Z,2023-07-25T13:58:31Z,positif
6651837620ee1df904ba4ebe,UC-z1ubmS-iHMVr83EEwRS2g,fNX6Gu2F7A8,hahaha.. kren broo..,hahaha kerenbro,@muhammadrifqian5584,https://yt3.ggpht.com/ytc/AIdro_lPH9TvvCS13u9nvSUy-PHC8R8S069Q2s4I_e2-D4VHLg=s48-c-k-c0x00ffffff-no-rj,http://www.youtube.com/@muhammadrifqian5584,UC84NjOBaO7hCUQTO7ACWflA,True,none,0,2016-01-04T03:46:01Z,2016-01-04T03:46:01Z,positif
6651837620ee1df904ba4cd8,UC-z1ubmS-iHMVr83EEwRS2g,fNX6Gu2F7A8,ko edho kok gak ada ?,ko edho tidak,@terrykalesaran1699,https://yt3.ggpht.com/ytc/AIdro_kVM76gl6xl6v6DsOFJMVrsAd7fxzO0QZGRXq0koiFrVsI=s48-c-k-c0x00ffffff-no-rj,http://www.youtube.com/@terrykalesaran1699,UCXnDXdu5vBD-_BoB0gahZRg,True,none,0,2016-06-28T11:45:45Z,2016-06-28T11:45:45Z,negatif
6651837620ee1df904ba5046,UC-z1ubmS-iHMVr83EEwRS2g,fNX6Gu2F7A8,"gue iseng nonton rewind 2k15 lagi<br>dan<br>baru nge notice ada rich brian <a href=""https://www.youtube.com/watch?v=fNX6Gu2F7A8&amp;t=53"">0:53</a>",gue iseng nonton rewind lagidanbaru nge notice rich brian,@ekyrezaputra4354,https://yt3.ggpht.com/ytc/AIdro_mIsC1Kgo9_wQ4_cED94ySbNE5D-WzDJnjGpw1NdXPNQg=s48-c-k-c0x00ffffff-no-rj,http://www.youtube.com/@ekyrezaputra4354,UC7VcWh0DaBHM8xGayjCYP3Q,True,none,1,2019-10-25T02:35:58Z,2019-10-25T02:35:58Z,netral
6651837620ee1df904ba4a68,UC-z1ubmS-iHMVr83EEwRS2g,fNX6Gu2F7A8,Anjass ada rich chigga,anjas rich chiga,@wansaff3890,https://yt3.ggpht.com/sp62-MvJyxYEDTSEl-Yi4SDf8XyB5iiaJiIrMdKp5Vi2427f2tDL4KdO9H8AUNbuxwhA718BcQ=s48-c-k-c0x00ffffff-no-rj,http://www.youtube.com/@wansaff3890,UCWr17lKgl8R_Rel3WHPieOQ,True,none,0,2020-07-14T03:24:11Z,2020-07-14T03:24:11Z,negatif
6651837620ee1df904ba4f45,UC-z1ubmS-iHMVr83EEwRS2g,fNX6Gu2F7A8,Rich brian masih belum di luar negeri wkwkw,rich brian belum luar negeri wkwkw,@firdausbima9713,https://yt3.ggpht.com/ytc/AIdro_n8NWVHN4eaCt3N0wCD59eOPSe_m6XMvvv__ofkSZpwAHg=s48-c-k-c0x00ffffff-no-rj,http://www.youtube.com/@firdausbima9713,UCi4mO1UtXSeHXwgX1KzxvbQ,True,none,0,2020-12-30T11:07:13Z,2020-12-30T11:07:13Z,netral
6651837620ee1df904ba4cd9,UC-z1ubmS-iHMVr83EEwRS2g,fNX6Gu2F7A8,ga ada kak devina aurel,ga kak devina aurel,@putrimeizia8404,https://yt3.ggpht.com/ytc/AIdro_lEqi_ofLeH_MeaUMFl5zGd-UsjGR3NtiZ9ChIo1J0=s48-c-k-c0x00ffffff-no-rj,http://www.youtube.com/@putrimeizia8404,UCY7fFu9zdHWGumZdAHTvNzQ,True,none,0,2016-01-09T15:18:44Z,2016-01-09T15:18:44Z,negatif
6651837620ee1df904ba4b43,UC-z1ubmS-iHMVr83EEwRS2g,fNX6Gu2F7A8,mana edho zell? ga ad?,mana edho zel ga ad,@ariasadewa3192,https://yt3.ggpht.com/ytc/AIdro_lwPVaMHZ0c31QEvCqQPl4dyMmXsx8gS55_4w4A5g=s48-c-k-c0x00ffffff-no-rj,http://www.youtube.com/@ariasadewa3192,UC9t7YoIKARO0MYY40X7MMpQ,True,none,0,2015-12-12T15:18:11Z,2015-12-12T15:18:11Z,negatif
6651837620ee1df904ba4ac9,UC-z1ubmS-iHMVr83EEwRS2g,fNX6Gu2F7A8,Keren Parah,keren parah,@putradhitapratama,https://yt3.ggpht.com/ytc/AIdro_kvbtTnSib7sZ8unyXGBaXdCu1QEHUOmM0J_vmGOMefsdIjo3XP0JRi_xplBMKba99Xow=s48-c-k-c0x00ffffff-no-rj,http://www.youtube.com/@putradhitapratama,UCCc7buWVm45Gn5HssPQDafg,True,none,2,2021-07-11T03:24:33Z,2021-07-11T03:24:33Z,positif
6651837620ee1df904ba4e0b,UC-z1ubmS-iHMVr83EEwRS2g,fNX6Gu2F7A8,Up ea,up ea,@Jo-vb4tr,https://yt3.ggpht.com/ytc/AIdro_k6LhgwUc1komiBSUXjOktNRnivOhnRZiuvf-6bOEyI8Z8=s48-c-k-c0x00ffffff-no-rj,http://www.youtube.com/@Jo-vb4tr,UCZ887Y1tquly1WaCYS1PKpA,True,none,0,2018-12-15T08:14:28Z,2018-12-15T08:14:28Z,positif
6651837620ee1df904ba4f6f,UC-z1ubmS-iHMVr83EEwRS2g,fNX6Gu2F7A8,Njirr 2015 baru liat sekarang,njir baru liat sekarang,@nurafandi6679,https://yt3.ggpht.com/ytc/AIdro_lGUMCRGWe0cFXx__fjTCjBQoSI-RYHGHpcUavoALXwUkI=s48-c-k-c0x00ffffff-no-rj,http://www.youtube.com/@nurafandi6679,UC9WOTR9MqRvl8Ft6wws4DDQ,True,none,0,2020-12-29T14:51:18Z,2020-12-29T14:51:18Z,netral
6651837620ee1df904ba4e09,UC-z1ubmS-iHMVr83EEwRS2g,fNX6Gu2F7A8,pecah gokil !!!,pecah gokil,@ryansaputra9966,https://yt3.ggpht.com/ytc/AIdro_n9gCA781u8yU0GnVkNNW6-U3sbsmKoYT2uXOMbGF4dN2o=s48-c-k-c0x00ffffff-no-rj,http://www.youtube.com/@ryansaputra9966,UCZfExogTf8kgO7uNro8OVvA,True,none,0,2015-12-19T21:54:21Z,2015-12-19T21:54:21Z,positif
6651837620ee1df904ba5098,UC-z1ubmS-iHMVr83EEwRS2g,fNX6Gu2F7A8,baju pink yg mana sih? kan ada 2,baju pink mana sih kan,@bakhtiarseptiant930,https://yt3.ggpht.com/ytc/AIdro_lW_qDmH_rwQSGfgv4sYyr5EiD038xIlPT4dEkACK6reg=s48-c-k-c0x00ffffff-no-rj,http://www.youtube.com/@bakhtiarseptiant930,UCLaiQGLPQnPiQadH2KUvITw,True,none,0,2016-02-12T17:09:38Z,2016-02-12T17:09:38Z,netral
6651837620ee1df904ba5040,UC-z1ubmS-iHMVr83EEwRS2g,fNX6Gu2F7A8,Masih ada kah 6 September 2019,ada september,@ryanhanditho3076,https://yt3.ggpht.com/ytc/AIdro_lVyI9VnmShXu8ijGN4uMWXvPb2UagUA-XdBJgqaSdQ3yA=s48-c-k-c0x00ffffff-no-rj,http://www.youtube.com/@ryanhanditho3076,UChGaRnJXBnI32CsAT9XVSBw,True,none,1,2019-09-06T12:48:36Z,2019-09-06T12:48:36Z,netral
6651837620ee1df904ba4ab3,UC-z1ubmS-iHMVr83EEwRS2g,fNX6Gu2F7A8,"gimana cara edit seperti di menit <a href=""https://www.youtube.com/watch?v=fNX6Gu2F7A8&amp;t=203"">3:23</a>",gimana cara edit di menit,@zurachtrestz,https://yt3.ggpht.com/ytc/AIdro_kK_--Uv7xR0JmeI9zVQQzAfLDbVdRJQ1Uz17qakVV52PY=s48-c-k-c0x00ffffff-no-rj,http://www.youtube.com/@zurachtrestz,UCYTurAOmpZNP4Pm3f81vQLg,True,none,0,2020-05-20T16:06:01Z,2020-05-20T16:06:01Z,netral
6651837620ee1df904ba4a76,UC-z1ubmS-iHMVr83EEwRS2g,fNX6Gu2F7A8,KEREN BANGETTTTüò≠üò≠üò≠,keren banget,@sabrinaasyifa4976,https://yt3.ggpht.com/ytc/AIdro_krLkKo3-8xEPHRgyo8ctJvnVCuE9OzOJzCHb7HEuRB3SM=s48-c-k-c0x00ffffff-no-rj,http://www.youtube.com/@sabrinaasyifa4976,UChBsrc4deOpOxp5gTGo5nFg,True,none,0,2024-01-13T20:20:11Z,2024-01-13T20:20:11Z,positif
6651837620ee1df904ba50e4,UC-z1ubmS-iHMVr83EEwRS2g,fNX6Gu2F7A8,Crazy to think how time flies :&#39;),crazy to think how time flies,@BossDepon,https://yt3.ggpht.com/ytc/AIdro_noRyEBcU26q8N5vWOyl9F9SR16vCd93vik9PwQ2eXT1gw=s48-c-k-c0x00ffffff-no-rj,http://www.youtube.com/@BossDepon,UCZsSuTKxGXcktjFiwHinqiQ,True,none,20,2021-01-02T07:46:12Z,2021-01-02T07:46:12Z,netral
6651837620ee1df904ba4eb9,UC-z1ubmS-iHMVr83EEwRS2g,fNX6Gu2F7A8,This is SUPER FANTASTIC,this is super fantastic,@danielwijaya6890,https://yt3.ggpht.com/ytc/AIdro_lAOh-HQ36SRS7IrhS56dOHeI7tUT9OCcAGfN5poWezPQ=s48-c-k-c0x00ffffff-no-rj,http://www.youtube.com/@danielwijaya6890,UCETex5bGfjZuxb-nieqp2FA,True,none,0,2015-12-25T15:11:33Z,2015-12-25T15:11:33Z,positif
6651837620ee1df904ba4e82,UC-z1ubmS-iHMVr83EEwRS2g,fNX6Gu2F7A8,30 Desember 2021?,desember,@018_muhrifkynurramadhan9,https://yt3.ggpht.com/ytc/AIdro_mZ0xMN1Y3zFD3IthEqYa8bGSafZYQ17ummCghU-08v51g=s48-c-k-c0x00ffffff-no-rj,http://www.youtube.com/@018_muhrifkynurramadhan9,UC3aCVNRu2LaLpKsMadKYt4w,True,none,0,2021-12-30T13:53:58Z,2021-12-30T13:53:58Z,netral
6651837620ee1df904ba4e4e,UC-z1ubmS-iHMVr83EEwRS2g,fNX6Gu2F7A8,astagaaaa 5 tahun lalu pas nonton ini gak ngeh ada rich brianüòÇüòÇüòÇ,astaga tahun lalu pas nonton tidak ngeh rich brian,@jovankaeverlyn426,https://yt3.ggpht.com/ytc/AIdro_nG3btUXNFPqfxN9Ytq_hjqbU46HjfwMA04QjwIQNdGc-M=s48-c-k-c0x00ffffff-no-rj,http://www.youtube.com/@jovankaeverlyn426,UCRdA-IqJdyC-d_KslK0DZtw,True,none,0,2021-01-31T07:19:21Z,2021-01-31T07:19:21Z,negatif
6651837620ee1df904ba5067,UC-z1ubmS-iHMVr83EEwRS2g,fNX6Gu2F7A8,"wow ! big applause for this video ! but,where is da malaysian youtube rewind ?!",wow big aplause for this video butwhere is da malaysian youtube rewind,@leyasy1468,https://yt3.ggpht.com/ytc/AIdro_m4yEWBM3Agf3g15TrCnvCBwoU8Tt-53g_BO0psOY7bthg=s48-c-k-c0x00ffffff-no-rj,http://www.youtube.com/@leyasy1468,UCIE81Kq-K4XNtVGe82DGoYg,True,none,0,2016-03-02T06:09:04Z,2016-03-02T06:09:04Z,positif
6651837620ee1df904ba4bf8,UC-z1ubmS-iHMVr83EEwRS2g,fNX6Gu2F7A8,keren banget ajaj,keren banget ajaj,@dafiqaja5936,https://yt3.ggpht.com/ytc/AIdro_nnMpdT296-5vTAWyXpkO31lCECAI0MvuUIyOjXydc=s48-c-k-c0x00ffffff-no-rj,http://www.youtube.com/@dafiqaja5936,UCHASP058mnmXmtqAu7DS7Iw,True,none,0,2016-09-29T01:25:07Z,2016-09-29T01:25:07Z,positif
6651837620ee1df904ba4a0c,UC-z1ubmS-iHMVr83EEwRS2g,fNX6Gu2F7A8,Rando kaya kontol,rando kaya kontol,@jeremiabernad5533,https://yt3.ggpht.com/ytc/AIdro_lZtWBOgoFK8xHp10gJivr_ZkBIZ6bujBFj_NY8W0WlnQ=s48-c-k-c0x00ffffff-no-rj,http://www.youtube.com/@jeremiabernad5533,UChOmn3KR6nE2VyroU34I4qA,True,none,0,2018-12-19T03:15:33Z,2018-12-19T03:15:33Z,negatif
6651837620ee1df904ba4a80,UC-z1ubmS-iHMVr83EEwRS2g,fNX6Gu2F7A8,GUE NONTONIN SEMUA YT REWIND GARA&quot; YT REWIND 2020 üòÑ,gue nontonin semua yt rewind gara yt rewind,@randikasyahputra466,https://yt3.ggpht.com/ytc/AIdro_mOnf1_3j6P_PbOsj5CCwo2XOGax6Zu6c69PteqMnkxJy8=s48-c-k-c0x00ffffff-no-rj,http://www.youtube.com/@randikasyahputra466,UC9ipvVlnU7XEcohKx8QExfA,True,none,2713,2020-12-30T01:01:32Z,2020-12-30T01:01:32Z,positif
6651837620ee1df904ba4b8c,UC-z1ubmS-iHMVr83EEwRS2g,fNX6Gu2F7A8,Mana eno bening,mana eno bening,@putriananta4945,https://yt3.ggpht.com/ytc/AIdro_lVoSgRslrVZTX2OPDp2K6cdMXTIRT-ndHmyhD6kHA=s48-c-k-c0x00ffffff-no-rj,http://www.youtube.com/@putriananta4945,UCDysp6lajbEikBLq4JIwbMg,True,none,0,2018-12-01T02:28:41Z,2018-12-01T02:28:41Z,negatif
6651837620ee1df904ba4e19,UC-z1ubmS-iHMVr83EEwRS2g,fNX6Gu2F7A8,"<a href=""https://www.youtube.com/watch?v=fNX6Gu2F7A8&amp;t=38"">0:38</a> best part",best part,@gemnastic6968,https://yt3.ggpht.com/ytc/AIdro_kQHl0lm9PeKnlfxe-aLeI_C1Lwx8jk4Jo9KYJw3O3dng=s48-c-k-c0x00ffffff-no-rj,http://www.youtube.com/@gemnastic6968,UCtnxfADWs9beFVo9nce7LPQ,True,none,0,2021-01-28T01:26:28Z,2021-01-28T01:26:28Z,positif
6651837620ee1df904ba4dbb,UC-z1ubmS-iHMVr83EEwRS2g,fNX6Gu2F7A8,Rindu :),rindu,@alffh5911,https://yt3.ggpht.com/ytc/AIdro_nLOZiVoOnOY9sRG6PEfbeJQZgNEc94Ld_-R0YhapW-QHpFlNNHtQIwpPu8VJKX5wVYKg=s48-c-k-c0x00ffffff-no-rj,http://www.youtube.com/@alffh5911,UCXnQQsMg0dFtiPXkDgTQyOw,True,none,0,2023-01-03T22:36:03Z,2023-01-03T22:36:03Z,negatif
6651837620ee1df904ba5162,UC-z1ubmS-iHMVr83EEwRS2g,fNX6Gu2F7A8,Flashback gara¬≤ rewind 2020,flashback gara rewind,@helyramaya5297,https://yt3.ggpht.com/ytc/AIdro_kfgvDFSR8TQtG7TaN1tSY_mdRHLitz0lCoA5sjqjr8M2I=s48-c-k-c0x00ffffff-no-rj,http://www.youtube.com/@helyramaya5297,UCnpBVyCB9qDRC_UZBssK-MA,True,none,0,2021-01-05T12:43:34Z,2021-01-05T12:43:34Z,netral
6651837620ee1df904ba4f27,UC-z1ubmS-iHMVr83EEwRS2g,fNX6Gu2F7A8,"NOW WE KNOW, AULION IS A VISIONER",now we know aulion is visioner,@qk510,https://yt3.ggpht.com/ytc/AIdro_kBqLWo5g5a3cfiYnBZ9WVREqlu-RCJ0Ulif0wN3hUFOLxxO0GusKZEOO-WqTBq60RMUY4=s48-c-k-c0x00ffffff-no-rj,http://www.youtube.com/@qk510,UCk5LekVQ-SHdbRoVyieXWPQ,True,none,2,2020-10-11T09:13:42Z,2020-10-11T09:13:42Z,positif
6651837620ee1df904ba4d6c,UC-z1ubmS-iHMVr83EEwRS2g,fNX6Gu2F7A8,Kangen‚ù§,kangen,@naimahtulhasnah8069,https://yt3.ggpht.com/ytc/AIdro_n2smPAI5srprOfCyLTAEsOgsq2BwFAf4n8IKX_-aY=s48-c-k-c0x00ffffff-no-rj,http://www.youtube.com/@naimahtulhasnah8069,UCAN1t-lhEbcaFNq1WXr6c-w,True,none,0,2024-01-13T17:01:19Z,2024-01-13T17:01:19Z,positif
6651837620ee1df904ba4b72,UC-z1ubmS-iHMVr83EEwRS2g,fNX6Gu2F7A8,kak Andy garcia*,kak andy garcia,@aufarezi,https://yt3.ggpht.com/ytc/AIdro_nufz8F_82hyUpGHMv92NWcOM9XXzVQBwSc3mh9C8dwPF8=s48-c-k-c0x00ffffff-no-rj,http://www.youtube.com/@aufarezi,UCpK0zPrCQcFP766cc1YEy1w,True,none,0,2015-12-18T14:37:21Z,2015-12-18T14:37:21Z,netral
6651837620ee1df904ba4d4d,UC-z1ubmS-iHMVr83EEwRS2g,fNX6Gu2F7A8,how to get those its realy hard,how to get those its realy hard,@zahvirasaputra163,https://yt3.ggpht.com/ytc/AIdro_krFxviPkHsouYcDe4fv4LWnH3cHskBvYSAgff0bqFbGU8=s48-c-k-c0x00ffffff-no-rj,http://www.youtube.com/@zahvirasaputra163,UCSQlpZbZKv9rgnnoUZxAcew,True,none,0,2016-03-28T10:05:42Z,2016-03-28T10:05:42Z,positif
6651837620ee1df904ba4bcc,UC-z1ubmS-iHMVr83EEwRS2g,fNX6Gu2F7A8,KEREN BANGETTTTüò≠üò≠üò≠,keren banget,@sabrinaasyifa4976,https://yt3.ggpht.com/ytc/AIdro_krLkKo3-8xEPHRgyo8ctJvnVCuE9OzOJzCHb7HEuRB3SM=s48-c-k-c0x00ffffff-no-rj,http://www.youtube.com/@sabrinaasyifa4976,UChBsrc4deOpOxp5gTGo5nFg,True,none,0,2024-01-13T20:20:11Z,2024-01-13T20:20:11Z,positif
6651837620ee1df904ba4a58,UC-z1ubmS-iHMVr83EEwRS2g,fNX6Gu2F7A8,nostlgia lagu baru nonton youtube rewiend 2020,nostlgia lagu baru nonton youtube rewiend,@agirwanyt7441,https://yt3.ggpht.com/ytc/AIdro_nx6I7kJuB5yBjU6tx9ZATqOHfko6Wlvccz8qs8v6Xd8w=s48-c-k-c0x00ffffff-no-rj,http://www.youtube.com/@agirwanyt7441,UCZs2GLwDraia09JLabSCAWw,True,none,0,2020-12-28T23:56:52Z,2020-12-28T23:56:52Z,netral
6651837620ee1df904ba4f9f,UC-z1ubmS-iHMVr83EEwRS2g,fNX6Gu2F7A8,PECAHHH ABISS!!!,pecah abis,@carensgabriel8632,https://yt3.ggpht.com/ytc/AIdro_k04ApUXUv3oWA2AQU9UeNGPJg0O8INjnNS3y1Vd1X2FTE=s48-c-k-c0x00ffffff-no-rj,http://www.youtube.com/@carensgabriel8632,UCHgoswc4KSUkM4x0lx2XrTA,True,none,0,2016-04-22T07:50:59Z,2016-04-22T07:50:59Z,positif
6651837620ee1df904ba4cc9,UC-z1ubmS-iHMVr83EEwRS2g,fNX6Gu2F7A8,Yt rwind 2015-2016 lebih kren krena gak bnyk artis tv hh,yt rwind lebih kerenkrena banyak artis tv,@sitisyahriah5868,https://yt3.ggpht.com/ytc/AIdro_m4kwfI6Jdc7nffmk9qygROHpYU0Rn5ZvSmu0JuKdk=s48-c-k-c0x00ffffff-no-rj,http://www.youtube.com/@sitisyahriah5868,UCDfkhm8G8jhoA32H9cobzEw,True,none,1,2021-01-01T02:33:05Z,2021-01-01T02:33:05Z,negatif
6651837620ee1df904ba4d6b,UC-z1ubmS-iHMVr83EEwRS2g,fNX6Gu2F7A8,"Gila,mantep abis! Gw sampe gabisa berkata-kata tau ga!! ‚ù§Ô∏è‚ù§Ô∏è‚ù§Ô∏è‚ù§Ô∏è‚ù§Ô∏è‚ù§Ô∏è",gilamantep abis sampe gabisa berkatakata tau ga,@ziqaatth,https://yt3.ggpht.com/cStCmWYOmLqfgf40NRTY1pMnRVx81lqT3buor--1Tvhq_OSvoJ1JtGyTPRwJokEBu4aEoe_OJQ=s48-c-k-c0x00ffffff-no-rj,http://www.youtube.com/@ziqaatth,UCFoOvg4Kepz4oTOnYTC1rbw,True,none,0,2015-12-25T08:24:39Z,2015-12-25T08:24:39Z,positif
6651837620ee1df904ba4e4a,UC-z1ubmS-iHMVr83EEwRS2g,fNX6Gu2F7A8,setelah ke asap an,ke asap an,@diyosalfiksan3125,https://yt3.ggpht.com/ytc/AIdro_k1FDb_5TvC7qykaN1zI4_WSIsYrkZmiKzNDIoQl0ym6g=s48-c-k-c0x00ffffff-no-rj,http://www.youtube.com/@diyosalfiksan3125,UC_p9qLQxEkVdsfpZQFM1EKQ,True,none,0,2015-12-24T08:50:00Z,2015-12-24T08:50:00Z,negatif
6651837620ee1df904ba4dd7,UC-z1ubmS-iHMVr83EEwRS2g,fNX6Gu2F7A8,KEREN BANGETTTTüò≠üò≠üò≠,keren banget,@sabrinaasyifa4976,https://yt3.ggpht.com/ytc/AIdro_krLkKo3-8xEPHRgyo8ctJvnVCuE9OzOJzCHb7HEuRB3SM=s48-c-k-c0x00ffffff-no-rj,http://www.youtube.com/@sabrinaasyifa4976,UChBsrc4deOpOxp5gTGo5nFg,True,none,0,2024-01-13T20:20:11Z,2024-01-13T20:20:11Z,positif
6651837620ee1df904ba4d6f,UC-z1ubmS-iHMVr83EEwRS2g,fNX6Gu2F7A8,"Nonton YouTube rewind 2015,2016,2018,2020,2021 di tahun 2021 sini ngumpul",nonton youtube rewind tahun sini ngumpul,@muhammadabelnilam9941,https://yt3.ggpht.com/ByFXcqMuppLnkOxW-U888yHXqMe6lDPwX9CwoNI5lJtV0ld5rGvXu-OH3Ejz5CH0_I4NrCyQCFI=s48-c-k-c0x00ffffff-no-rj,http://www.youtube.com/@muhammadabelnilam9941,UCfQE7R8hSr7tdl0KkljoMkA,True,none,0,2022-01-03T04:57:47Z,2022-01-03T04:57:47Z,netral
6651837620ee1df904ba4a7e,UC-z1ubmS-iHMVr83EEwRS2g,fNX6Gu2F7A8,ada bang RIch Brian,bang rich brian,@ActualZhen,https://yt3.ggpht.com/ytc/AIdro_nfdDNCEw7pvYgrzFH8oP_wTJO1HTI1DkoVldzYY6TU9wc=s48-c-k-c0x00ffffff-no-rj,http://www.youtube.com/@ActualZhen,UCFZUUTY6-qOtYe-a5vW9hwg,True,none,0,2020-05-28T05:41:51Z,2020-05-28T05:41:51Z,netral
6651837620ee1df904ba4cf8,UC-z1ubmS-iHMVr83EEwRS2g,fNX6Gu2F7A8,Gacor ye ada rich chigga,gacor ye rich chiga,@kikidasilva4903,https://yt3.ggpht.com/ytc/AIdro_kgCE_9Uu8OdNbC87V3XBFnOIHPx-vOELtiFCfa725OkQ=s48-c-k-c0x00ffffff-no-rj,http://www.youtube.com/@kikidasilva4903,UCx3SKWsBOPuQMbKqvSLztKQ,True,none,0,2018-12-16T16:03:19Z,2018-12-16T16:03:19Z,negatif
6651837620ee1df904ba5092,UC-z1ubmS-iHMVr83EEwRS2g,fNX6Gu2F7A8,SIAPA YG NONTON 2021 LIKE,siapa nonton like,@bangj6023,https://yt3.ggpht.com/ytc/AIdro_lGKTET4zl3GrE7-YSyFc8L2o2XM5h0S59aw05-akf-Vko=s48-c-k-c0x00ffffff-no-rj,http://www.youtube.com/@bangj6023,UCbdiS-dvSzKevdqZ2VYKdzg,True,none,0,2021-01-04T04:39:19Z,2021-01-04T04:39:19Z,netral
6651837620ee1df904ba4f12,UC-z1ubmS-iHMVr83EEwRS2g,fNX6Gu2F7A8,"<a href=""https://www.youtube.com/watch?v=fNX6Gu2F7A8&amp;t=53"">0:53</a> when you hear Rich Brian&#39;s song",when you hear rich brians song,@j_pbp,https://yt3.ggpht.com/ytc/AIdro_m5pN3ELOqAcGVcvgDWP5bhEJvqZ5CBgJ6fy__7fkNarjE=s48-c-k-c0x00ffffff-no-rj,http://www.youtube.com/@j_pbp,UCxFXVJBO-Ke2Tki09M6RqgQ,True,none,0,2018-09-22T01:47:16Z,2018-09-22T01:47:16Z,netral
6651837620ee1df904ba5119,UC-z1ubmS-iHMVr83EEwRS2g,fNX6Gu2F7A8,"Sedih gua nonton YouTube rewind ini,,, waktu ini gak ada drama sama artis, tapi sekarang YouTube hanya isi drama&quot;aja",sedih gua nonton youtube rewind waktu tidak drama sama artis sekarang youtube isi dramaja,@brogaming2306,https://yt3.ggpht.com/ytc/AIdro_ma0Y2XMOYUKN7tEmb_z-0QRE7bSuz1CiYp_bjabg9crw=s48-c-k-c0x00ffffff-no-rj,http://www.youtube.com/@brogaming2306,UCCjc_HxIubMOr3Cc8kYoZ8w,True,none,0,2020-07-06T03:44:10Z,2020-07-06T03:48:59Z,netral
6651837620ee1df904ba5055,UC-z1ubmS-iHMVr83EEwRS2g,fNX6Gu2F7A8,ga ada edhozell ya ..?,ga edhozel,@themissingci,https://yt3.ggpht.com/7Ygh4Kr5ILXZHKTPNF5QIaBGgsvp__8DH7Np1RzKhhgjoxxng4IfJbdCKA-PbT5TRJ-8EAXvVw=s48-c-k-c0x00ffffff-no-rj,http://www.youtube.com/@themissingci,UCiLXHoYNcGkOoObN1OxYWgw,True,none,0,2015-12-20T23:10:10Z,2015-12-20T23:10:10Z,negatif
6651837620ee1df904ba4c71,UC-z1ubmS-iHMVr83EEwRS2g,fNX6Gu2F7A8,Azka masih belum mimpi basah.,azka belum mimpi basah,@pranotoagungsucipto8029,https://yt3.ggpht.com/7Yff_BUK08PZF6q_ypbyJguo0g_Q9A0F-4GZfCPTRAo5bVNP7vSeqZ8m6wvAyEKfZ8Yftrsurw=s48-c-k-c0x00ffffff-no-rj,http://www.youtube.com/@pranotoagungsucipto8029,UCebhv3tKSCtpQXfZF-IPY1g,True,none,1,2021-01-01T12:55:27Z,2021-01-01T12:55:27Z,negatif
6651837620ee1df904ba4cb1,UC-z1ubmS-iHMVr83EEwRS2g,fNX6Gu2F7A8,yg menit 02.49 judul lagu nya apa ya??,yg menit judul lagu nya apa,@mrajabnabiel9191,https://yt3.ggpht.com/ytc/AIdro_krtR7Az93P5T7Jl8XOeOPlO8G0bh8nLYr1t2w7gOBs7A=s48-c-k-c0x00ffffff-no-rj,http://www.youtube.com/@mrajabnabiel9191,UCveUpckVDjet4eRcJ2akbKw,True,none,0,2016-04-08T01:27:36Z,2016-04-08T01:27:36Z,netral
6651837620ee1df904ba50af,UC-z1ubmS-iHMVr83EEwRS2g,fNX6Gu2F7A8,Yg nungguin Rewind 2020 pasti like ni komen,yg nunguin rewind like ni komen,@daniaryasena,https://yt3.ggpht.com/cut72FXEU-3UoUE-BG4rwJ4kz_q-9dDC4Cv-lds5pN-yYe630xmVjj974sbLSD0PPmhGOUTkng=s48-c-k-c0x00ffffff-no-rj,http://www.youtube.com/@daniaryasena,UCX07eARG5PWlsDCok7mAhXQ,True,none,0,2020-12-27T00:58:46Z,2020-12-27T00:58:46Z,netral
6651837620ee1df904ba49d7,UC-z1ubmS-iHMVr83EEwRS2g,fNX6Gu2F7A8,bayu skak,bayu skak,@hz22yt,https://yt3.ggpht.com/dAp2Py9LHwzpPR6dJAuIJPj_XTOT_2gB4tds8yKTz7zYY6G_lpvkZBpYoZhn-BzCvj1ekcEPbA=s48-c-k-c0x00ffffff-no-rj,http://www.youtube.com/@hz22yt,UCqvg2FdrUAHMO4SqxfVyglw,True,none,0,2023-01-13T04:47:08Z,2023-01-13T04:47:08Z,netral
6651837620ee1df904ba4a21,UC-z1ubmS-iHMVr83EEwRS2g,fNX6Gu2F7A8,remix nya enak,remix nya enak,@mangel4051,https://yt3.ggpht.com/ytc/AIdro_nri9H2ErhqlIi1Huvl9UJAksG2lO3WRsPZ3eo92hddKg=s48-c-k-c0x00ffffff-no-rj,http://www.youtube.com/@mangel4051,UC2RHttuPDAUxbWDSYh_cV4Q,True,none,0,2015-12-20T03:39:27Z,2015-12-20T03:39:27Z,positif
6651837620ee1df904ba4b71,UC-z1ubmS-iHMVr83EEwRS2g,fNX6Gu2F7A8,bad blood vs sambalado...:),bad blod vs sambalado,@lutfifitriyani2694,https://yt3.ggpht.com/ytc/AIdro_nLfzh1Dz0a0R4YOwDA8byivRGeqteF3zIWOkWxrWhzsAPY=s48-c-k-c0x00ffffff-no-rj,http://www.youtube.com/@lutfifitriyani2694,UCwAA66gDc56M0_gI3fAIWAQ,True,none,0,2015-12-13T15:02:43Z,2015-12-13T15:02:43Z,negatif
6651837620ee1df904ba49a5,UC-z1ubmS-iHMVr83EEwRS2g,fNX6Gu2F7A8,Am I only one who always watching this video all the time?,am only one who always watching this video al the time,@Tessaoke,https://yt3.ggpht.com/ytc/AIdro_m2EBGqiXfPp0s486iVQBLcSr_uU3knnH9P59CNgh09N9c=s48-c-k-c0x00ffffff-no-rj,http://www.youtube.com/@Tessaoke,UC5ZbG7WZXGfFQHAiYO3FGLA,True,none,0,2016-01-25T06:40:14Z,2016-01-25T06:40:14Z,positif
6651837620ee1df904ba49d1,UC-z1ubmS-iHMVr83EEwRS2g,fNX6Gu2F7A8,CONGRATS ;),congrats,@RidwanShahab,https://yt3.ggpht.com/ytc/AIdro_m9tLDeDyW7SbG9vjv-EEdX03S6rI5sQ99LOBTArfpLA1M=s48-c-k-c0x00ffffff-no-rj,http://www.youtube.com/@RidwanShahab,UCIXEbB_lCPlZGKQAColBFGA,True,none,0,2016-01-14T08:48:34Z,2016-01-14T08:48:34Z,positif
6651837620ee1df904ba4c49,UC-z1ubmS-iHMVr83EEwRS2g,fNX6Gu2F7A8,wow rich ciga,wow rich ciga,@yildiray3092,https://yt3.ggpht.com/ytc/AIdro_lx4SoPhQTBREgIlUEd7kSED-LVK1aPGCJq8bKE2PgS20w=s48-c-k-c0x00ffffff-no-rj,http://www.youtube.com/@yildiray3092,UCGc9uEduQ00uQDviRIN0OMg,True,none,0,2018-07-18T08:36:40Z,2018-07-18T08:36:40Z,negatif
6651837620ee1df904ba4b97,UC-z1ubmS-iHMVr83EEwRS2g,fNX6Gu2F7A8,"Habis nengok rewind yt 2020, Ini malah masuk recomendation dong.",habis nengok rewind yt malah masuk recomendation dong,@timbulpanjaitan4497,https://yt3.ggpht.com/ytc/AIdro_kKRPPGQBzpL8bPu33cwxZib-LIfUzNQZMt7_BukLw=s48-c-k-c0x00ffffff-no-rj,http://www.youtube.com/@timbulpanjaitan4497,UCgZFTiZqHHT0kHJNvoKd4yQ,True,none,6,2021-01-01T07:15:19Z,2021-01-01T07:15:19Z,netral
6651837620ee1df904ba4bd0,UC-z1ubmS-iHMVr83EEwRS2g,fNX6Gu2F7A8,I hate you to Deddy,hate you to dedy,@suhaeli9359,https://yt3.ggpht.com/-Xra-RTGe5Qyhy-qcwzws8jyY6tWm4InvurDnGSYpoWRZamme5lcqCIPDk5ERezmjDTo3NMw=s48-c-k-c0x00ffffff-no-rj,http://www.youtube.com/@suhaeli9359,UCVmaNssH3N4aRsSMfsYH4RQ,True,none,0,2015-12-13T15:06:35Z,2015-12-13T15:06:35Z,negatif
6651837620ee1df904ba4db8,UC-z1ubmS-iHMVr83EEwRS2g,fNX6Gu2F7A8,kereennnnnn..... tapi gk ada pokopow :( :),keren gk pokopow,@ariorizkianto5834,https://yt3.ggpht.com/ytc/AIdro_kLJ_iMiqGcVDUffbqNGBA1KVgq2OhCpTNx-york3Owyw=s48-c-k-c0x00ffffff-no-rj,http://www.youtube.com/@ariorizkianto5834,UCwL3nXy2a9mEvduOiQ8Popw,True,none,0,2015-12-11T08:17:42Z,2015-12-11T08:17:42Z,positif
6651837620ee1df904ba4d01,UC-z1ubmS-iHMVr83EEwRS2g,fNX6Gu2F7A8,keren üòä,keren,@Asal_Lempar_Fishing,https://yt3.ggpht.com/s29nLptAw2g3cHIVEnfFtNzlyaM2cN5Zdw9Nhw5fdgGJJOIGtiu7QQ_EgEmdCYYgacfJ7aaIDw=s48-c-k-c0x00ffffff-no-rj,http://www.youtube.com/@Asal_Lempar_Fishing,UCy417jTX4RVOloWoME4zFJQ,True,none,0,2023-04-29T00:41:10Z,2023-04-29T00:41:10Z,positif
6651837620ee1df904ba4ccf,UC-z1ubmS-iHMVr83EEwRS2g,fNX6Gu2F7A8,2015 lagu paling asik.,lagu paling asik,@FrhnDewi,https://yt3.ggpht.com/qGng3fw0qJjcW4udSGx4s6VNEjvgQxfoiptzjeETLMEEnMjWj2wrn6iHp6WoXEEJcGBP4bg2NDY=s48-c-k-c0x00ffffff-no-rj,http://www.youtube.com/@FrhnDewi,UCJvNIyZ87pqcjw1Typ7phQA,True,none,1,2022-01-02T06:10:29Z,2022-01-02T06:10:29Z,positif
6651837620ee1df904ba4ef3,UC-z1ubmS-iHMVr83EEwRS2g,fNX6Gu2F7A8,gila editannya gilaaaaa,gila editanya gila,@muhammadyusrilrifqi5268,https://yt3.ggpht.com/ytc/AIdro_kwJf49yR5fCD9irM4NYrzPRQyWaCc9LnIaMVsyP4_-e7I=s48-c-k-c0x00ffffff-no-rj,http://www.youtube.com/@muhammadyusrilrifqi5268,UCIY51w9Aac9mYBYBpmlA2CQ,True,none,0,2015-12-12T08:35:15Z,2015-12-12T08:35:15Z,netral
6651837620ee1df904ba4bf6,UC-z1ubmS-iHMVr83EEwRS2g,fNX6Gu2F7A8,Great job!,great job,@hannasilitonga8084,https://yt3.ggpht.com/ytc/AIdro_mvgU88C3pTK5o6UjkTcIzYmpGj43aWMXp5M6iN4Zuw5U0=s48-c-k-c0x00ffffff-no-rj,http://www.youtube.com/@hannasilitonga8084,UCtUqUVogtt0KS9Wx1fLvxvQ,True,none,0,2016-05-27T11:19:11Z,2016-05-27T11:19:11Z,positif
6651837620ee1df904ba4ee2,UC-z1ubmS-iHMVr83EEwRS2g,fNX6Gu2F7A8,kak miawaug sama bang gustaf ajak lah,kak miawaug sama bang gustaf ajak lah,@yudhistirajohanes1750,https://yt3.ggpht.com/ytc/AIdro_nthOFiFMblukb4_PUw7rrguGOllfPwOMTH_zQCEYs=s48-c-k-c0x00ffffff-no-rj,http://www.youtube.com/@yudhistirajohanes1750,UCoU7i7TXVPMpA0LHXSXMYlQ,True,none,0,2016-04-17T04:34:58Z,2016-04-17T04:34:58Z,negatif
6651837620ee1df904ba4f8d,UC-z1ubmS-iHMVr83EEwRS2g,fNX6Gu2F7A8,"richiga yt rewind 2020 <a href=""http://www.youtube.com/results?search_query=%23yuks"">#yuks</a>",richiga yt rewind,@JUSTRIZA,https://yt3.ggpht.com/HL8XkcGYlvGrfOfpEamNpE_8ovRtG6FtTVgLm15nb0cA7sJoQBwSWDvbq-tTSnzVzbSkIBnGgg=s48-c-k-c0x00ffffff-no-rj,http://www.youtube.com/@JUSTRIZA,UCYkgkgTF_TF1sAzkee8m1uA,True,none,2,2020-07-18T04:29:56Z,2020-07-18T04:29:56Z,netral
6651837620ee1df904ba4c29,UC-z1ubmS-iHMVr83EEwRS2g,fNX6Gu2F7A8,"2018 lanjutin tambahin tu atta,ricis,edho:v wkwk",lanjutin tambahin tu ataricisedhov wkwk,@23.nasywafirdaus69,https://yt3.ggpht.com/ytc/AIdro_nM2ZC40tfKGu_TgHvPWJrhUW3s9xYs-ML6m9mrR6wvE4iI=s48-c-k-c0x00ffffff-no-rj,http://www.youtube.com/@23.nasywafirdaus69,UCzvRF7qCx2kaijTA0CeJ1BA,True,none,0,2018-12-10T10:49:11Z,2018-12-10T10:49:11Z,netral
6651837620ee1df904ba4d08,UC-z1ubmS-iHMVr83EEwRS2g,fNX6Gu2F7A8,rich cigga itu siapa sih ???,rich ciga siapa sih,@DevonXD,https://yt3.ggpht.com/ytc/AIdro_k66g9uyzDUkUW31V7vgS8kWq2dEr5VFF75Bd08YNZjzdQ=s48-c-k-c0x00ffffff-no-rj,http://www.youtube.com/@DevonXD,UCGAmiOfVQyGlj8Y5qO2mU4A,True,none,0,2017-02-15T09:46:45Z,2017-02-15T09:46:45Z,negatif
6651837620ee1df904ba4a5a,UC-z1ubmS-iHMVr83EEwRS2g,fNX6Gu2F7A8,Anjingggg keren banget!!! Mixing lagu dari eka gustiwana keren parah asli.,anjing keren banget mixing lagu eka gustiwana keren parah asli,@rezapalmuria4558,https://yt3.ggpht.com/ytc/AIdro_migRG537vgi57paNx68CRpsT4xrKdC8Ix_F60HlmM-WA=s48-c-k-c0x00ffffff-no-rj,http://www.youtube.com/@rezapalmuria4558,UCnBFgQdFkuvdadhN7-yzN_Q,True,none,0,2016-03-04T15:17:04Z,2016-03-04T15:17:04Z,negatif
6651837620ee1df904ba4a3c,UC-z1ubmS-iHMVr83EEwRS2g,fNX6Gu2F7A8,buat 2016 tambahin yg curhatannya si awkejepit ya wkwkk,buat tambahin curhatanya si awkejepit wkwk,@demoraarmelsi2257,https://yt3.ggpht.com/ytc/AIdro_nueqhB0hG0tfja6xZ4dVm9lbptbFXWUHKg1D7oVaJy36Q=s48-c-k-c0x00ffffff-no-rj,http://www.youtube.com/@demoraarmelsi2257,UC4e0hZEN-5cPkaafBzR1hGA,True,none,0,2016-08-06T03:29:23Z,2016-08-06T03:29:23Z,negatif
6651837620ee1df904ba4be3,UC-z1ubmS-iHMVr83EEwRS2g,fNX6Gu2F7A8,Likenya ga sampe 1jt,likenya ga sampe jt,@sonictrap7866,https://yt3.ggpht.com/ytc/AIdro_m9whR0uczr8AaEBABrpL0RYL5zCKG9hVqBIicyMza5lj8=s48-c-k-c0x00ffffff-no-rj,http://www.youtube.com/@sonictrap7866,UCREegFnhZXPSRf_MgTufH3g,True,none,0,2020-12-29T08:10:35Z,2020-12-29T08:10:35Z,negatif
6651837620ee1df904ba4de6,UC-z1ubmS-iHMVr83EEwRS2g,fNX6Gu2F7A8,Ada kah 2021,kah,@Bocilkematian-mj1su,https://yt3.ggpht.com/ytc/AIdro_mV0_hBLNAGqis5O-jYudbxtFZynUK1rzziu2sA4PZZt-M=s48-c-k-c0x00ffffff-no-rj,http://www.youtube.com/@Bocilkematian-mj1su,UC0XD9svPW9g3RnZ5s7PuT2g,True,none,1,2021-01-01T09:10:54Z,2021-01-01T09:10:54Z,negatif
6651837620ee1df904ba4b70,UC-z1ubmS-iHMVr83EEwRS2g,fNX6Gu2F7A8,Aska masih kecil bet anjir wkwkw,aska kecil bet kagum wkwkw,@rokhmanace4410,https://yt3.ggpht.com/ytc/AIdro_m91ZoZF6ZXu9W2BpE7TyGtg_eRNVaLV9vN1hVqiis=s48-c-k-c0x00ffffff-no-rj,http://www.youtube.com/@rokhmanace4410,UC6ZxYSs2_rFmTkx7PEMJ9xg,True,none,2,2021-12-31T11:59:59Z,2021-12-31T11:59:59Z,netral
6651837620ee1df904ba4b5a,UC-z1ubmS-iHMVr83EEwRS2g,fNX6Gu2F7A8,Gilaaaaaaaa mantap benerrrrrrrr benerannnnnn enda boongggggggg!!!!,gila mantap bener beneran enda bong,@ichacell8924,https://yt3.ggpht.com/ytc/AIdro_kTnzyGDwrw89C2FuF6R1TyKVNQ5f2yaoqXg0lPIDc=s48-c-k-c0x00ffffff-no-rj,http://www.youtube.com/@ichacell8924,UCVDSZrUwdphL-euBGa2RDgA,True,none,0,2016-02-14T13:07:07Z,2016-02-14T13:07:07Z,positif
6651837620ee1df904ba4dd0,UC-z1ubmS-iHMVr83EEwRS2g,fNX6Gu2F7A8,baru nyadar kalo ada han yoo ra..... hehehe,baru nyadar kalau han yo ra hehehe,@TheMiracleMinecart,https://yt3.ggpht.com/ytc/AIdro_kpeaFgRa7whxGbm-Fb5QlyQ01iEjGBvkqW6Pn4w_Pu_Zc=s48-c-k-c0x00ffffff-no-rj,http://www.youtube.com/@TheMiracleMinecart,UCWlnb5h-OjTK0i4xVfRhtuA,True,none,0,2016-04-23T11:24:10Z,2016-04-23T11:24:10Z,netral
6651837620ee1df904ba5151,UC-z1ubmS-iHMVr83EEwRS2g,fNX6Gu2F7A8,Yang nonton tahun 2019 like nya mana......üòÄüòÄ,nonton tahun like nya mana,@zhubawa0768,https://yt3.ggpht.com/ytc/AIdro_lbhU0NwNcJhQfaTNL4FjFdN3WlMLf_O_dpJSH16lkhNw=s48-c-k-c0x00ffffff-no-rj,http://www.youtube.com/@zhubawa0768,UCJk9IIiALO-IKjZK9F04UqQ,True,none,0,2019-08-08T09:01:55Z,2019-08-08T09:01:55Z,netral
6651837620ee1df904ba5138,UC-z1ubmS-iHMVr83EEwRS2g,fNX6Gu2F7A8,oh pantes da kyra pcry arap tryata produsery. d kirain py channel youtube jga,pantes da kyra pcry arap tryata produsery kirain py chanel youtube jga,@dindanugraha279,https://yt3.ggpht.com/ytc/AIdro_kPhhVnlviv3J1yIiHOnmlN3gBOTDmZlBubLMKGOGL7XNA=s48-c-k-c0x00ffffff-no-rj,http://www.youtube.com/@dindanugraha279,UCZU5RY-iGhDz8SRJWTAV6sw,True,none,0,2016-02-07T07:04:16Z,2016-02-07T07:04:16Z,netral
6651837620ee1df904ba4a38,UC-z1ubmS-iHMVr83EEwRS2g,fNX6Gu2F7A8,"itu judul lagu <a href=""https://www.youtube.com/watch?v=fNX6Gu2F7A8&amp;t=72"">1:12</a> apa",judul lagu apa,@henrymanurung6293,https://yt3.ggpht.com/ytc/AIdro_niGpZvt492ueN76oDYzg465ZJrJMFlzOku8fQWuYgMuI8=s48-c-k-c0x00ffffff-no-rj,http://www.youtube.com/@henrymanurung6293,UCXYFv21hDM4NJ84h_riqKAw,True,none,0,2016-07-26T08:24:11Z,2016-07-26T08:24:11Z,netral
6651837620ee1df904ba4eec,UC-z1ubmS-iHMVr83EEwRS2g,fNX6Gu2F7A8,Zaman rich brian cupuüòÇ,zaman rich brian cupu,@muhammadhilman7756,https://yt3.ggpht.com/ytc/AIdro_nXWwbzl_oehvsxqC4DdytbdvTUSSOKSoB8bY8ytLU=s48-c-k-c0x00ffffff-no-rj,http://www.youtube.com/@muhammadhilman7756,UC-KxFyp76CQPHeViyj-CDbQ,True,none,0,2020-08-24T13:36:24Z,2020-08-24T13:36:24Z,netral
6651837620ee1df904ba4cbe,UC-z1ubmS-iHMVr83EEwRS2g,fNX6Gu2F7A8,bayu skak,bayu skak,@hz22yt,https://yt3.ggpht.com/dAp2Py9LHwzpPR6dJAuIJPj_XTOT_2gB4tds8yKTz7zYY6G_lpvkZBpYoZhn-BzCvj1ekcEPbA=s48-c-k-c0x00ffffff-no-rj,http://www.youtube.com/@hz22yt,UCqvg2FdrUAHMO4SqxfVyglw,True,none,0,2023-01-13T04:47:08Z,2023-01-13T04:47:08Z,netral
6651837620ee1df904ba4cec,UC-z1ubmS-iHMVr83EEwRS2g,fNX6Gu2F7A8,"<a href=""https://www.youtube.com/watch?v=fNX6Gu2F7A8&amp;t=203"">3:23</a> KERENNN ABISSSüî•ü§™",keren abis,@adisti6134,https://yt3.ggpht.com/ytc/AIdro_mSKPbHm_PclwHArn2Xd6AKnDq2g4b4gmUHhGotvbKF7iQ=s48-c-k-c0x00ffffff-no-rj,http://www.youtube.com/@adisti6134,UCbzakU0XD7gfANygyfkk3tQ,True,none,0,2020-12-28T13:20:00Z,2020-12-28T13:20:00Z,positif
6651837620ee1df904ba4ae5,UC-z1ubmS-iHMVr83EEwRS2g,fNX6Gu2F7A8,por que indonesia tiene un rewind aparte!!?,por que indonesia tiene un rewind aparte,@alanestupinan2945,https://yt3.ggpht.com/Cz2jiHO7dvslKeD9QllnCZVrABQ2yTWECaWHJJfblZ3-5t_5hKl0JD-TZzdqb4rteS2G9WEm2g=s48-c-k-c0x00ffffff-no-rj,http://www.youtube.com/@alanestupinan2945,UCoaxKRhBq3Qi4kMYTW7Kxwg,True,none,0,2016-07-27T20:09:39Z,2016-07-27T20:09:39Z,negatif
6651837620ee1df904ba4a92,UC-z1ubmS-iHMVr83EEwRS2g,fNX6Gu2F7A8,Yt rewind twrbaik ke 2 pertama 2016,yt rewind twrbaik pertama,@nathanael976,https://yt3.ggpht.com/ago2G2bRB9dpwMe_qhrkTeAOm4sy1pJ5VPPYLdIBOIpNhVdWoE3TJgGnF2XQLzKCyqrXqnfEmg=s48-c-k-c0x00ffffff-no-rj,http://www.youtube.com/@nathanael976,UCrxbJLw0U5b9Ni-FsIK7Aug,True,none,1,2020-07-08T07:15:43Z,2020-07-08T07:15:43Z,positif
6651837620ee1df904ba5126,UC-z1ubmS-iHMVr83EEwRS2g,fNX6Gu2F7A8,2019 masih nonton hahahaa,nonton hahaha,@gandamariakristinasiahaan9414,https://yt3.ggpht.com/ytc/AIdro_lhe8fpjtzpV-w_N7fQ8_gElnXd8SJeRpzWX5QimjM=s48-c-k-c0x00ffffff-no-rj,http://www.youtube.com/@gandamariakristinasiahaan9414,UCwgBrF7jLNweSShg7DWOozA,True,none,0,2019-01-06T09:14:30Z,2019-01-06T09:14:30Z,netral
6651837620ee1df904ba4f74,UC-z1ubmS-iHMVr83EEwRS2g,fNX6Gu2F7A8,Old but goldüî•,old but gold,@afrizasahputra7035,https://yt3.ggpht.com/ytc/AIdro_n2dGAoUK7FJ4ZlBhs7XyCfOh-tLpusW3R04qA9QVJNC3s=s48-c-k-c0x00ffffff-no-rj,http://www.youtube.com/@afrizasahputra7035,UCmYEnI_JH1sdkK6RVPVDYxw,True,none,2,2021-06-24T14:33:35Z,2021-06-24T14:33:35Z,positif
6651837620ee1df904ba4d4b,UC-z1ubmS-iHMVr83EEwRS2g,fNX6Gu2F7A8,i&#39;m ready for youtube rewind 2016!!!!,im ready for youtube rewind,@BiuProduction,https://yt3.ggpht.com/ytc/AIdro_mG-aYnszVtp_CIYskrwCFxv6hpyMh7IwEBEEaaZq64hiQ=s48-c-k-c0x00ffffff-no-rj,http://www.youtube.com/@BiuProduction,UCaxYNRsBEYYcqCsv_I0rW3A,True,none,0,2016-12-17T02:36:22Z,2016-12-17T02:36:22Z,positif
6651837620ee1df904ba4b83,UC-z1ubmS-iHMVr83EEwRS2g,fNX6Gu2F7A8,Jelek ada younglexnya :v,jelek younglexnya,@ricardojona7571,https://yt3.ggpht.com/ytc/AIdro_kL7cWGA6tse_mzNf_rWJHLnwnSMXHfkJhMuLIulOjwrpc=s48-c-k-c0x00ffffff-no-rj,http://www.youtube.com/@ricardojona7571,UCz-gg8Rxp-ja1Cy2BT08w2Q,True,none,14,2017-12-08T15:36:23Z,2017-12-08T15:36:23Z,negatif
6651837620ee1df904ba5036,UC-z1ubmS-iHMVr83EEwRS2g,fNX6Gu2F7A8,Jauh sebelum orang2 TV masuk YouTube<br><br><br><br><br><br>.,jauh orang tv masuk youtube,@andysyahputra6409,https://yt3.ggpht.com/ytc/AIdro_lY-ct6wt2WbH8swsMWHqYfViY6J7tb_uPvO2XE4hDoDQ=s48-c-k-c0x00ffffff-no-rj,http://www.youtube.com/@andysyahputra6409,UCGRnn_vXPEOGNMIsQcyuKTg,True,none,1,2020-12-28T15:10:17Z,2020-12-28T15:10:17Z,negatif
6651837620ee1df904ba4be4,UC-z1ubmS-iHMVr83EEwRS2g,fNX6Gu2F7A8,Ini konten creator terbaek cuman ada younglex jadi goblok anjir,konten creator terbaek cuman younglex jadi goblok anjir,@irwannn,https://yt3.ggpht.com/ytc/AIdro_nj4TdPWIrYKtwfSDxQ0mZGborz4UXbUc8OO7MlcFdrOg=s48-c-k-c0x00ffffff-no-rj,http://www.youtube.com/@irwannn,UC33bhtTRpztKMluCl8TYW_A,True,none,0,2019-06-14T04:01:54Z,2019-06-14T04:01:54Z,negatif
6651837620ee1df904ba49e7,UC-z1ubmS-iHMVr83EEwRS2g,fNX6Gu2F7A8,2016 mesti ada young lex ama awkarin nih :v,mesti young lex ama awkarin nih,@ersatriaz,https://yt3.ggpht.com/ytc/AIdro_nGNhxbDezkBGeis8h8mWRnz_Poe99_upC7T6u5h7_xPFo=s48-c-k-c0x00ffffff-no-rj,http://www.youtube.com/@ersatriaz,UC5J0tMmQz7LojGPAQhj6Umw,True,none,0,2016-12-09T07:49:36Z,2016-12-09T07:49:36Z,negatif
6651837620ee1df904ba4cd3,UC-z1ubmS-iHMVr83EEwRS2g,fNX6Gu2F7A8,aulion ngikutin justin bieber yang where  are u now.....tapi keren gua jg ngefans sama justin biber,aulion ngikutin justin bieber where are nowtapi keren gua ngefans sama justin biber,@usernew1254,https://yt3.ggpht.com/ytc/AIdro_mZRx95TlvZfMiVg2lyaxRByi2an6qND-k8FA3P0cw=s48-c-k-c0x00ffffff-no-rj,http://www.youtube.com/@usernew1254,UCY7bp3V-38Sfwb2oHjfAOqA,True,none,0,2016-02-07T00:22:11Z,2016-02-07T00:22:11Z,positif
6651837620ee1df904ba4b94,UC-z1ubmS-iHMVr83EEwRS2g,fNX6Gu2F7A8,Kok gua lebih suka yg 2015 drpd 2018,kok gua lebih suka drpd,@nafamoza1463,https://yt3.ggpht.com/ytc/AIdro_nx8SwqEEJ4whqFjcct3379dJp4quuuPTgzqkZxRmo=s48-c-k-c0x00ffffff-no-rj,http://www.youtube.com/@nafamoza1463,UCdE0uZ3USvQ0TA2OiEZfOjQ,True,none,1,2018-12-16T06:56:59Z,2018-12-16T06:56:59Z,negatif
6651837620ee1df904ba4ead,UC-z1ubmS-iHMVr83EEwRS2g,fNX6Gu2F7A8,Youtube Rewind 2020!!!!!!!,youtube rewind,@riooheryono3294,https://yt3.ggpht.com/ytc/AIdro_nk9BbhcE0U7tFL2xVyOY2X1WRZKGaf4XWxAAdZu5RZPdI=s48-c-k-c0x00ffffff-no-rj,http://www.youtube.com/@riooheryono3294,UCyVO5V1xq1rDVhW6RKcIleQ,True,none,0,2020-07-02T18:58:27Z,2020-07-02T18:58:27Z,netral
6651837620ee1df904ba4e38,UC-z1ubmS-iHMVr83EEwRS2g,fNX6Gu2F7A8,"<a href=""https://www.youtube.com/watch?v=fNX6Gu2F7A8&amp;t=203"">3:23</a> KERENNN ABISSSüî•ü§™",keren abis,@adisti6134,https://yt3.ggpht.com/ytc/AIdro_mSKPbHm_PclwHArn2Xd6AKnDq2g4b4gmUHhGotvbKF7iQ=s48-c-k-c0x00ffffff-no-rj,http://www.youtube.com/@adisti6134,UCbzakU0XD7gfANygyfkk3tQ,True,none,0,2020-12-28T13:20:00Z,2020-12-28T13:20:00Z,positif
6651837620ee1df904ba4c12,UC-z1ubmS-iHMVr83EEwRS2g,fNX6Gu2F7A8,"Di sini ada youtuber ngebeatbox, di  2018 ngk ada, padahal bagus banget di colap sama beatboxer  indo: (",sini youtuber ngebeatbox ngk padahal bagus banget colap sama beatboxer indo,@rayhanbintangpratama1075,https://yt3.ggpht.com/ytc/AIdro_k9ltzIWO-FTqBRDvgQZ3kc-VMnhFjEQSjzOQKwSm_RsQ=s48-c-k-c0x00ffffff-no-rj,http://www.youtube.com/@rayhanbintangpratama1075,UCsZ2wLYP5tWhpaiBhNRAh7A,True,none,0,2018-12-17T06:27:24Z,2018-12-17T06:27:24Z,netral
6651837620ee1df904ba4e0d,UC-z1ubmS-iHMVr83EEwRS2g,fNX6Gu2F7A8,nice job,nice job,@jokogemin9949,https://yt3.ggpht.com/ee3nJd2ibFJW-mNhE_-9M5ieDFe2pIkTSaH0958CWRXIMM08RN9Rsf_QFva9R1oLjrQIbia-vQ=s48-c-k-c0x00ffffff-no-rj,http://www.youtube.com/@jokogemin9949,UCoRzRyvoXhrURuOmY2AwkGQ,True,none,0,2015-12-13T05:37:19Z,2015-12-13T05:37:19Z,positif
6651837620ee1df904ba49fb,UC-z1ubmS-iHMVr83EEwRS2g,fNX6Gu2F7A8,Mantullll,mantul,@cetoktvofficial1037,https://yt3.ggpht.com/ytc/AIdro_nPYCZOn0BofWK1lvsTpOgGNJiTbHrnHXo1cdeVlW5vqw=s48-c-k-c0x00ffffff-no-rj,http://www.youtube.com/@cetoktvofficial1037,UCyz5UR3rBqlttKx5BU-unbg,True,none,0,2021-01-03T09:32:35Z,2021-01-03T09:32:35Z,positif
6651837620ee1df904ba5068,UC-z1ubmS-iHMVr83EEwRS2g,fNX6Gu2F7A8,"<a href=""http://www.youtube.com/results?search_query=%23edhoozell"">#EDHOOZELL</a> gk ikut ya",gk ikut,@reikysaputra6053,https://yt3.ggpht.com/ytc/AIdro_ll5OfQx4pNIjfK2PKs02_06yR6vYXRLmz-aqDoFDU=s48-c-k-c0x00ffffff-no-rj,http://www.youtube.com/@reikysaputra6053,UCHbXgIz_IgIX6H_tKFwX4iQ,True,none,0,2015-12-28T15:29:41Z,2015-12-28T15:29:41Z,negatif
6651837620ee1df904ba4a34,UC-z1ubmS-iHMVr83EEwRS2g,fNX6Gu2F7A8,Rich brian kiyut bangett woi,rich brian kiyut banget woi,@Rahmat-sq4in,https://yt3.ggpht.com/ytc/AIdro_ntEsufECNtZzhRTa4JjoAtwOCzRcCquPHQMdaXwaA=s48-c-k-c0x00ffffff-no-rj,http://www.youtube.com/@Rahmat-sq4in,UCyuQEaQNYCnpb-PZK900rOQ,True,none,0,2019-12-28T18:57:11Z,2019-12-28T18:57:11Z,netral
6651837620ee1df904ba4a44,UC-z1ubmS-iHMVr83EEwRS2g,fNX6Gu2F7A8,Hahahaha nostalgia jaman jaman semua youtuber masih jametü•∫‚ù§,hahahaha nostalgia jaman jaman semua youtuber jamet,@Lieciko_,https://yt3.ggpht.com/mxG6KOYDRX9eIEnUvt8GXKQ1RBjfxHp4HC2iTWj_0FZn-EZY7GuodUCWCCOrLJhpyUhbtLZs0g=s48-c-k-c0x00ffffff-no-rj,http://www.youtube.com/@Lieciko_,UC8dlKe2lK6jzZ84cE3dyt1A,True,none,0,2020-12-30T00:45:03Z,2020-12-30T00:45:03Z,negatif
6651837620ee1df904ba5004,UC-z1ubmS-iHMVr83EEwRS2g,fNX6Gu2F7A8,Hai kenalin aku dari tahun 2020,hai kenalin aku tahun,@cookiemilky1584,https://yt3.ggpht.com/67urKeRg510SRJ1q9URpM2wLyXiPa8w-kLDDuJohJgF7IMjxiiw5lHoegn6YW17DKN44mSNPbQ=s48-c-k-c0x00ffffff-no-rj,http://www.youtube.com/@cookiemilky1584,UCXRTvcfHmQO5g4Hy8zmIA6A,True,none,1,2020-12-29T09:30:16Z,2020-12-29T09:30:16Z,netral
6651837620ee1df904ba4c80,UC-z1ubmS-iHMVr83EEwRS2g,fNX6Gu2F7A8,Joss Bosqu!!!!,jos bosqu,@dickyandeyan,https://yt3.ggpht.com/ytc/AIdro_k9Auy-P62q-PudJwvbBsx7WdLG5YwsByEE4pGBz-Dg-nQ=s48-c-k-c0x00ffffff-no-rj,http://www.youtube.com/@dickyandeyan,UC7PbwnE7LRpt8dXnToxBUKQ,True,none,0,2015-12-11T06:38:32Z,2015-12-11T06:38:32Z,positif
6651837620ee1df904ba49be,UC-z1ubmS-iHMVr83EEwRS2g,fNX6Gu2F7A8,jancuuuukkkk itu keren parah...<br>the best youtubers indonesia...,jancuk keren parahthe best youtubers indonesia,@ndchanel8585,https://yt3.ggpht.com/ytc/AIdro_kD0VH0bWKctnsQmZXPCHqgvuDfk30aZT0MH32os84_HyI=s48-c-k-c0x00ffffff-no-rj,http://www.youtube.com/@ndchanel8585,UCDoCAZrjydKgjakr7u6plVQ,True,none,0,2017-06-27T15:35:41Z,2017-06-27T15:35:41Z,negatif
6651837620ee1df904ba4ac6,UC-z1ubmS-iHMVr83EEwRS2g,fNX6Gu2F7A8,"youtubers sekarang pada keren semua,bangga dengan youtubers indonesia.",youtubers sekarang keren semuabanga youtubers indonesia,@callmenath3835,https://yt3.ggpht.com/ytc/AIdro_lKNoOhwtS98iA6Exh3V_6GGgxiA874yeILwVAAvf-vAgQ=s48-c-k-c0x00ffffff-no-rj,http://www.youtube.com/@callmenath3835,UC3PTHIrR3fAMLSYROW7lLYw,True,none,0,2016-06-28T15:47:08Z,2016-06-28T15:47:08Z,positif
6651837620ee1df904ba4bd3,UC-z1ubmS-iHMVr83EEwRS2g,fNX6Gu2F7A8,Link yt arap.,link yt arap,@jjkdkjir8552,https://yt3.ggpht.com/ytc/AIdro_kOW_eEzGS7Og3LW4idZ0KUYzPm2FJ4Ix0aYEGiuto=s48-c-k-c0x00ffffff-no-rj,http://www.youtube.com/@jjkdkjir8552,UCUWT9JJdqRC2iDM1NfEG9qw,True,none,0,2020-08-13T13:22:27Z,2020-08-13T13:22:27Z,netral
6651837620ee1df904ba4fde,UC-z1ubmS-iHMVr83EEwRS2g,fNX6Gu2F7A8,"Best video ive ever seen in youtube, go indonesia youtuber, make more videosüòÅ especially for the alpha man, Gazelle cross",best video ive ever sen in youtube go indonesia youtuber make more videos especialy for the alpha man gazele cros,@MultiAgym,https://yt3.ggpht.com/ytc/AIdro_lgliMQy-CP7s5r_v0Gtk1qG6tg-v4zrCyzrXgu1MnPq_IL=s48-c-k-c0x00ffffff-no-rj,http://www.youtube.com/@MultiAgym,UC1rGiVlwzZ9kVJT9sWv9dKA,True,none,0,2016-02-29T06:22:07Z,2016-02-29T06:22:07Z,positif
6651837620ee1df904ba4e06,UC-z1ubmS-iHMVr83EEwRS2g,fNX6Gu2F7A8,Anjinggggg.. keren bangetsss,anjing keren bangets,@stellavalentina7410,https://yt3.ggpht.com/bTnbJdre5rSWBBJvwYqf3Lc4JHqap-Y90m6OEBIzEGpgHakhhPChkzxRMphBhdvQdB0XXcbY--k=s48-c-k-c0x00ffffff-no-rj,http://www.youtube.com/@stellavalentina7410,UCEuCYRN3rApSddZC2z0VnFQ,True,none,0,2016-02-02T07:06:07Z,2016-02-02T07:06:07Z,negatif
6651837620ee1df904ba4b46,UC-z1ubmS-iHMVr83EEwRS2g,fNX6Gu2F7A8,wanjir ada parody tinju Pac vs. Mayweather :P,wanjir parody tinju pac vs mayweather,@galihgaram,https://yt3.ggpht.com/ytc/AIdro_kONTZVvBcBn9wxiWb3myvBLQ5_vQuSzlad_k5EsbUgrg4=s48-c-k-c0x00ffffff-no-rj,http://www.youtube.com/@galihgaram,UCAeYxmRLdgnE1-rXJatPxDQ,True,none,1,2015-12-16T16:00:18Z,2015-12-16T16:00:18Z,negatif
6651837620ee1df904ba515c,UC-z1ubmS-iHMVr83EEwRS2g,fNX6Gu2F7A8,wkwkwkw ..  kocak,wkwkwkw kocak,@akmalfirdaus5457,https://yt3.ggpht.com/lNungrAK0S6-mFtEpWmDUUffQ6OE3wwl__2q3uor4-kcs6tLaUY7GPaD4b6PdJcQRUDqg6izzzs=s48-c-k-c0x00ffffff-no-rj,http://www.youtube.com/@akmalfirdaus5457,UCQIpY7mb51ITaEjKLuHGmtw,True,none,0,2015-12-26T03:41:18Z,2015-12-26T03:41:18Z,positif
6651837620ee1df904ba4b6a,UC-z1ubmS-iHMVr83EEwRS2g,fNX6Gu2F7A8,Sumpah gila keren banget stop motion Aulion nya.,sumpah gila keren banget stop motion aulion nya,@bimbimrieadi,https://yt3.ggpht.com/ytc/AIdro_lsaBWvZtPIjlb7erenL6h49c5tyKtUP38ofjLInqhidIo=s48-c-k-c0x00ffffff-no-rj,http://www.youtube.com/@bimbimrieadi,UC8QJYZh69lY9mBVh5mawB2Q,True,none,1,2015-12-17T05:28:04Z,2015-12-17T05:28:04Z,netral
6651837620ee1df904ba4c90,UC-z1ubmS-iHMVr83EEwRS2g,fNX6Gu2F7A8,Keren dan Anda Semua Luar Biasa. üëçüëçüëç,keren anda semua luar biasa,@TengkuMedan,https://yt3.ggpht.com/R3pOhOTmwPa0xB1mfAVlLKy_djtg3RO23fvh8e6lrzpndRy9fW6pFISEPWXbjA6XaOH5bGM27Sw=s48-c-k-c0x00ffffff-no-rj,http://www.youtube.com/@TengkuMedan,UCAciJVs1XuB0LuXW4E9rOOA,True,none,0,2022-07-16T16:45:11Z,2022-07-16T16:45:11Z,positif
6651837620ee1df904ba4fc8,UC-z1ubmS-iHMVr83EEwRS2g,fNX6Gu2F7A8,Kangen‚ù§,kangen,@naimahtulhasnah8069,https://yt3.ggpht.com/ytc/AIdro_n2smPAI5srprOfCyLTAEsOgsq2BwFAf4n8IKX_-aY=s48-c-k-c0x00ffffff-no-rj,http://www.youtube.com/@naimahtulhasnah8069,UCAN1t-lhEbcaFNq1WXr6c-w,True,none,0,2024-01-13T17:01:19Z,2024-01-13T17:01:19Z,positif
6651837620ee1df904ba49e3,UC-z1ubmS-iHMVr83EEwRS2g,fNX6Gu2F7A8,maz bayu ga masuk deskripsi :v,maz bayu ga masuk deskripsi,@worstmanifesto,https://yt3.ggpht.com/IWpWsg-q-EgruOyGPNPyjA1e8VhRjzKy7r9FuTdhRhNli8YwbAs1nI3H7VQ8XJxgF1eNdu0zvg=s48-c-k-c0x00ffffff-no-rj,http://www.youtube.com/@worstmanifesto,UCgfNo4dEucivmZjfLhQ1HbQ,True,none,0,2015-12-12T17:36:03Z,2015-12-12T17:36:03Z,netral
6651837620ee1df904ba4e32,UC-z1ubmS-iHMVr83EEwRS2g,fNX6Gu2F7A8,LORD OF QORYGORE BELON LAHIR YA ?<br>WKWKWK,lord of qorygore belon lahir wkwkwk,@ritto6323,https://yt3.ggpht.com/OI8WQt5pUax8H5gWurGVL_R6EJG9BvbUMmm30FHvaemfXW9qDjyBxRibGTPXqgXt-CtOLDEHHw=s48-c-k-c0x00ffffff-no-rj,http://www.youtube.com/@ritto6323,UCljUyKYB0Xr2_4rJFVUw8HA,True,none,1,2018-09-24T14:22:23Z,2018-09-24T14:22:23Z,negatif
6651837620ee1df904ba4c94,UC-z1ubmS-iHMVr83EEwRS2g,fNX6Gu2F7A8,Mantap,mantap,@LokerNusantaraOfficial,https://yt3.ggpht.com/nfqt6MDIUxSBFiYD2cjYf9s1-Y9kiyKceeoB4YoD3LxTRUMmJ8LieVSMx0SyBtaZ3g_j-cWSSds=s48-c-k-c0x00ffffff-no-rj,http://www.youtube.com/@LokerNusantaraOfficial,UClL88SkHpZmHiS5quVTLnqg,True,none,0,2022-12-25T16:53:55Z,2022-12-25T16:53:55Z,positif
6651837620ee1df904ba4f01,UC-z1ubmS-iHMVr83EEwRS2g,fNX6Gu2F7A8,Hwaaa...Keren bangettüòÇüòÇ,hwakeren banget,@fierziratua1061,https://yt3.ggpht.com/ytc/AIdro_mWwYa6U8MeZ-jpEkcBbWaml6Bd4rxvIe6ebwlud3zcRiSt=s48-c-k-c0x00ffffff-no-rj,http://www.youtube.com/@fierziratua1061,UCmpp0MVV6rXJR74lg7ZLdNg,True,none,0,2015-12-11T11:29:52Z,2015-12-11T11:29:52Z,positif
6651837620ee1df904ba4fd1,UC-z1ubmS-iHMVr83EEwRS2g,fNX6Gu2F7A8,BUAZENGG WAPIKK TENANNN,buazeng wapik tenan,@wolfhead6832,https://yt3.ggpht.com/ytc/AIdro_kbLfDyaksXgzacdRq2xwQlIRGKNrw1_kC0usPzwOo=s48-c-k-c0x00ffffff-no-rj,http://www.youtube.com/@wolfhead6832,UCkYs-6btZAxydwE8kNn2GlA,True,none,0,2015-12-11T21:44:11Z,2015-12-11T21:44:11Z,positif
6651837620ee1df904ba4e66,UC-z1ubmS-iHMVr83EEwRS2g,fNX6Gu2F7A8,kak nessie masih langsingüòÄ,kak nesie langsing,@khoirulanam-un5zo,https://yt3.ggpht.com/SRRB3L_wCrRdc0xPw7S3V9_-irE2SNgqJ202wFoa72g-9uQlX2TsVfXlckj7I7rrbWmQVqTUUz8=s48-c-k-c0x00ffffff-no-rj,http://www.youtube.com/@khoirulanam-un5zo,UCZ1t3omSvd5YWxt_AKLq7og,True,none,0,2021-01-05T04:13:51Z,2021-01-05T04:13:51Z,negatif
6651837620ee1df904ba4c14,UC-z1ubmS-iHMVr83EEwRS2g,fNX6Gu2F7A8,ko edho mna,ko edho mna,@kastararidwan1933,https://yt3.ggpht.com/ytc/AIdro_kCHSrQjikEBFoiZVt24nhOen_odOcyh4Q2YKNmfc0g6x0=s48-c-k-c0x00ffffff-no-rj,http://www.youtube.com/@kastararidwan1933,UCfoB3T5Yi2HD1Vqb9UIbC2A,True,none,0,2016-10-03T05:20:14Z,2016-10-03T05:20:14Z,netral
6651837620ee1df904ba5037,UC-z1ubmS-iHMVr83EEwRS2g,fNX6Gu2F7A8,Baru sadar ada rich brian üòÖ,baru sadar rich brian,@GabriellaAlodia,https://yt3.ggpht.com/eG4yVn0sGAbNtRjvb-l2TDJyQ83dDXqKM7gOFiWhN1lZ_4BmK0jT0UR6bAiSMfvX68g7J_5zP3g=s48-c-k-c0x00ffffff-no-rj,http://www.youtube.com/@GabriellaAlodia,UCAd2HsSaqEMwl_t-F_gvzJQ,True,none,0,2023-01-04T05:28:45Z,2023-01-04T05:28:45Z,netral
6651837620ee1df904ba4bdb,UC-z1ubmS-iHMVr83EEwRS2g,fNX6Gu2F7A8,ada kak nada arsyinta,kak nada arsyinta,@03.aliyahqisthi84,https://yt3.ggpht.com/ytc/AIdro_nIhGkopdKNdh3JfJxUquDE9GHkNl2htEhor2XuQy9oeoI=s48-c-k-c0x00ffffff-no-rj,http://www.youtube.com/@03.aliyahqisthi84,UC11ZTnpu-xrA6XMJNg0t_Ew,True,none,0,2016-05-09T13:05:10Z,2016-05-09T13:05:10Z,netral
6651837620ee1df904ba50bc,UC-z1ubmS-iHMVr83EEwRS2g,fNX6Gu2F7A8,Azka masih lucu bngt anjirr,azka lucu bngt anjir,@diovelladesailyromadona1665,https://yt3.ggpht.com/ytc/AIdro_lMC-rN_gLC9Lzp5wgx_ykH0VnrnABbqzUaNTbIiDJQvg=s48-c-k-c0x00ffffff-no-rj,http://www.youtube.com/@diovelladesailyromadona1665,UCCm31BXxyu2Amm-sfEtJ-uw,True,none,0,2020-12-31T09:14:52Z,2020-12-31T09:14:52Z,positif
6651837620ee1df904ba4fdc,UC-z1ubmS-iHMVr83EEwRS2g,fNX6Gu2F7A8,Belum ada atta,ada ata,@apriliawulandari436,https://yt3.ggpht.com/ytc/AIdro_kHLYsBf_cKAWCCSRb11qYKOgbWmvW6dvjwNU--T9Vk4jQ=s48-c-k-c0x00ffffff-no-rj,http://www.youtube.com/@apriliawulandari436,UCj048bFEyzJMdQPAMW8bvjg,True,none,1,2020-06-18T01:52:24Z,2020-06-18T01:52:24Z,netral
6651837620ee1df904ba4c0d,UC-z1ubmS-iHMVr83EEwRS2g,fNX6Gu2F7A8,Baru nyadar ada si chigga :v,baru nyadar si chiga,@nararyaa.r5716,https://yt3.ggpht.com/ytc/AIdro_nDb3pVc9npdOM2ZnITW2C5l5FjW8ij6aSzHL9As092o7I=s48-c-k-c0x00ffffff-no-rj,http://www.youtube.com/@nararyaa.r5716,UCjajbFbnkQ16L73y1xDDfAQ,True,none,0,2017-09-23T07:36:34Z,2017-09-23T07:36:34Z,netral
6651837620ee1df904ba5019,UC-z1ubmS-iHMVr83EEwRS2g,fNX6Gu2F7A8,Keren cuy,keren cuy,@mehumanusia9000,https://yt3.ggpht.com/KZw4Su3sUQ2b-gATBqx4nWHhR4QjarZPy5DR5cK9WK-7aoJ4Tq4gosioKOnTeWrohgRzGjPoMas=s48-c-k-c0x00ffffff-no-rj,http://www.youtube.com/@mehumanusia9000,UCThEo4FM4AHDyTr7DzHB9DA,True,none,0,2022-01-05T22:23:55Z,2022-01-05T22:23:55Z,positif
6651837620ee1df904ba4da3,UC-z1ubmS-iHMVr83EEwRS2g,fNX6Gu2F7A8,knp edhozell gk ikut youtube rewind ??,knp edhozel gk ikut youtube rewind,@albarroqa4969,https://yt3.ggpht.com/ytc/AIdro_kBtsGMX2xFjlfBTHTyr1jWn_8OpwZlqpBgAOWNg6I=s48-c-k-c0x00ffffff-no-rj,http://www.youtube.com/@albarroqa4969,UCVNsjW5d8ew69OF4Pjrjajw,True,none,0,2016-09-20T10:46:05Z,2016-09-20T10:46:05Z,negatif
6651837620ee1df904ba4e1b,UC-z1ubmS-iHMVr83EEwRS2g,fNX6Gu2F7A8,si arap gila main gamenya,si arap gila main gamenya,@gacha_ivanka7332,https://yt3.ggpht.com/ytc/AIdro_nrB1tzBIfR5fSSUmlLNYuzigieza6hnvzA9WW43jZaBbk=s48-c-k-c0x00ffffff-no-rj,http://www.youtube.com/@gacha_ivanka7332,UCnNN2X9VEgzGsunZmEuN-Qg,True,none,0,2015-12-19T05:08:38Z,2015-12-19T05:08:38Z,negatif
6651837620ee1df904ba5110,UC-z1ubmS-iHMVr83EEwRS2g,fNX6Gu2F7A8,Jadi iri :(,jadi iri,@mikailmuhammad7892,https://yt3.ggpht.com/ytc/AIdro_kmXS_pmMXF7vedt7dAUrRw_8c2BAtU-8Tcwq0H2zZ6CDg=s48-c-k-c0x00ffffff-no-rj,http://www.youtube.com/@mikailmuhammad7892,UCBxiLQwrBjRtJsbCHJu9dXQ,True,none,0,2016-02-22T05:58:07Z,2016-02-22T05:58:07Z,negatif
6651837620ee1df904ba4e35,UC-z1ubmS-iHMVr83EEwRS2g,fNX6Gu2F7A8,"Lagi kangen aja nonton kreator, bukan reuploder.",kangen aja nonton kreator bukan reuploder,@saipullah296,https://yt3.ggpht.com/e1BBdszMxHmg5pGU4__OoLOT760ibEhPlfWqG2WMBRIifyPY5M1-SOySPPGo-dzJIx4hCr0bNw=s48-c-k-c0x00ffffff-no-rj,http://www.youtube.com/@saipullah296,UCp5Erw_s1RCO-rncT0erJSw,True,none,0,2019-10-01T03:01:32Z,2019-10-01T03:01:32Z,negatif
6651837620ee1df904ba4fe2,UC-z1ubmS-iHMVr83EEwRS2g,fNX6Gu2F7A8,Baru sadar ada rich brian üòÖ,baru sadar rich brian,@GabriellaAlodia,https://yt3.ggpht.com/eG4yVn0sGAbNtRjvb-l2TDJyQ83dDXqKM7gOFiWhN1lZ_4BmK0jT0UR6bAiSMfvX68g7J_5zP3g=s48-c-k-c0x00ffffff-no-rj,http://www.youtube.com/@GabriellaAlodia,UCAd2HsSaqEMwl_t-F_gvzJQ,True,none,0,2023-01-04T05:28:45Z,2023-01-04T05:28:45Z,netral
6651837620ee1df904ba5135,UC-z1ubmS-iHMVr83EEwRS2g,fNX6Gu2F7A8,Kangen arap njir gara gara erikontolim :(,kangen arap kagum gara gara erikontolim,@Zuraaeee,https://yt3.ggpht.com/4pMsUpuxZHTSfM7bYwq6k9A__eLswRnC86OHVnvir7TzmX_FMRssi-SaJ7M_w2n_NfEzKyug=s48-c-k-c0x00ffffff-no-rj,http://www.youtube.com/@Zuraaeee,UCENxs-C_ehIm4dRyd9XHANg,True,none,1,2019-06-09T12:36:48Z,2019-06-09T12:36:48Z,negatif
6651837620ee1df904ba4e10,UC-z1ubmS-iHMVr83EEwRS2g,fNX6Gu2F7A8,Edho sell mana ya,edho sel mana,@willyaprianto,https://yt3.ggpht.com/ytc/AIdro_m-2k9rPROKPlJiQ7WfDBJ_p9mS8KqiFknjdwIF-IgAsQ=s48-c-k-c0x00ffffff-no-rj,http://www.youtube.com/@willyaprianto,UCFwZSHRUhQ4o7PWHKljQ6Cw,True,none,0,2017-02-04T12:56:46Z,2017-02-04T12:56:46Z,negatif
6651837620ee1df904ba5012,UC-z1ubmS-iHMVr83EEwRS2g,fNX6Gu2F7A8,ppap dan mannequinn harus ada,pap manequin ada,@vansgaming5144,https://yt3.ggpht.com/ytc/AIdro_lPwChLDi_LDcxCiVv_0KYanSP8WJrwgX82mQXqO_s4KA=s48-c-k-c0x00ffffff-no-rj,http://www.youtube.com/@vansgaming5144,UCuxriuxAOLdJBe9MJt8mV0g,True,none,0,2016-12-08T01:18:54Z,2016-12-08T01:18:54Z,netral
6651837620ee1df904ba5137,UC-z1ubmS-iHMVr83EEwRS2g,fNX6Gu2F7A8,nandaaryinta,nandaryinta,@annisasafirap,https://yt3.ggpht.com/ytc/AIdro_nV5E2VYTZV5_RFFI5LpXqXSoMRjexeIA_yq40v-oE=s48-c-k-c0x00ffffff-no-rj,http://www.youtube.com/@annisasafirap,UCT2bzccqpJBy0NFoLQXivcg,True,none,0,2016-03-13T03:20:28Z,2016-03-13T03:20:28Z,netral
6651837620ee1df904ba5028,UC-z1ubmS-iHMVr83EEwRS2g,fNX6Gu2F7A8,memek,memek,@syafiqaldi2211,https://yt3.ggpht.com/ytc/AIdro_nx7If7-bJh8X7JhH-AD-t4KiZKctPRTWF0BUSk0Idtu6E=s48-c-k-c0x00ffffff-no-rj,http://www.youtube.com/@syafiqaldi2211,UCi-zKIPIEaxwO_oj1Uzc4WA,True,none,0,2019-09-19T15:26:47Z,2019-09-19T15:26:47Z,negatif
6651837620ee1df904ba49d2,UC-z1ubmS-iHMVr83EEwRS2g,fNX6Gu2F7A8,keren üòä,keren,@Asal_Lempar_Fishing,https://yt3.ggpht.com/s29nLptAw2g3cHIVEnfFtNzlyaM2cN5Zdw9Nhw5fdgGJJOIGtiu7QQ_EgEmdCYYgacfJ7aaIDw=s48-c-k-c0x00ffffff-no-rj,http://www.youtube.com/@Asal_Lempar_Fishing,UCy417jTX4RVOloWoME4zFJQ,True,none,0,2023-04-29T00:41:10Z,2023-04-29T00:41:10Z,positif
6651837620ee1df904ba4f94,UC-z1ubmS-iHMVr83EEwRS2g,fNX6Gu2F7A8,kok edho zell gk ikut?,kok edho zel gk ikut,@ferryvalent8119,https://yt3.ggpht.com/ytc/AIdro_lQ_bhdGk3OH6_szvyNAcqh1Bz7e1n26tRoY7fXPEs=s48-c-k-c0x00ffffff-no-rj,http://www.youtube.com/@ferryvalent8119,UCiuDLD-NGTFd_neGyv-9Txg,True,none,0,2016-05-11T13:51:05Z,2016-05-11T13:51:05Z,negatif
6651837620ee1df904ba4d27,UC-z1ubmS-iHMVr83EEwRS2g,fNX6Gu2F7A8,"<a href=""https://www.youtube.com/watch?v=fNX6Gu2F7A8&amp;t=90"">1:30</a> @azkacorbuzier masih kecil banget",kecil banget,@CakAJKAG,https://yt3.ggpht.com/exKR90zseQXgtwtbvcqOl5SUTilWcnbcRGYTYclo2Dp71NXh_nH2713wJ6TX0BznILZtMnxp=s48-c-k-c0x00ffffff-no-rj,http://www.youtube.com/@CakAJKAG,UC8eTJ8oDMNJufUKPOFb5vTA,True,none,3,2024-01-24T23:47:58Z,2024-01-24T23:47:58Z,negatif
6651837620ee1df904ba4faf,UC-z1ubmS-iHMVr83EEwRS2g,fNX6Gu2F7A8,Sayang bang tara sama bang gema gk bisa ikut...,sayang bang tara sama bang gema gk ikut,@jostrikehgt258,https://yt3.ggpht.com/ytc/AIdro_li0q8xVg3uvgvZXHxV0DcbhWfF9GzOKooAHzOlttQK9A=s48-c-k-c0x00ffffff-no-rj,http://www.youtube.com/@jostrikehgt258,UCE3VKM9pW_9ZMaXY4QWPKQw,True,none,0,2015-12-13T07:00:11Z,2015-12-13T07:00:11Z,negatif
6651837620ee1df904ba509f,UC-z1ubmS-iHMVr83EEwRS2g,fNX6Gu2F7A8,Siapa yang kesini cuma gara gara intro bangkeü§£,siapa kesini cuma gara gara intro bangke,@gedeagussuastika7077,https://yt3.ggpht.com/ytc/AIdro_lKbNNR2999Xhu3HDpgHpL0rZQdDEavHKvG8EuN91E=s48-c-k-c0x00ffffff-no-rj,http://www.youtube.com/@gedeagussuastika7077,UCsUuyBqDCQ6tP7K8NtOolSA,True,none,0,2019-12-11T18:18:53Z,2019-12-11T18:18:53Z,netral
6651837620ee1df904ba4a05,UC-z1ubmS-iHMVr83EEwRS2g,fNX6Gu2F7A8,"<a href=""https://www.youtube.com/watch?v=fNX6Gu2F7A8&amp;t=203"">3:23</a> KERENNN ABISSSüî•ü§™",keren abis,@adisti6134,https://yt3.ggpht.com/ytc/AIdro_mSKPbHm_PclwHArn2Xd6AKnDq2g4b4gmUHhGotvbKF7iQ=s48-c-k-c0x00ffffff-no-rj,http://www.youtube.com/@adisti6134,UCbzakU0XD7gfANygyfkk3tQ,True,none,0,2020-12-28T13:20:00Z,2020-12-28T13:20:00Z,positif
6651837620ee1df904ba4e80,UC-z1ubmS-iHMVr83EEwRS2g,fNX6Gu2F7A8,Mantep <b>*</b> üëçüëçüëç,mantep,@aimnuimul,https://yt3.ggpht.com/vSqQeCHqyGpSi5QCyoNmhr60dMHlyCSW1murg-WlJjbGkrLw376qXeghvG1IDzUXDngDwEKP=s48-c-k-c0x00ffffff-no-rj,http://www.youtube.com/@aimnuimul,UC07usTELoGVv8HJMyVTUBjg,True,none,1,2020-12-30T06:21:31Z,2020-12-30T06:21:31Z,positif
6651837620ee1df904ba4f3e,UC-z1ubmS-iHMVr83EEwRS2g,fNX6Gu2F7A8,aulion petjah,aulion petjah,@gagahmasudi5492,https://yt3.ggpht.com/ytc/AIdro_kBNhpEbN3h2nz_ey52xG9KxfSL7EvI3PfnvyEIdHo=s48-c-k-c0x00ffffff-no-rj,http://www.youtube.com/@gagahmasudi5492,UCJZkLXJZxHCXMezGjKy0QgA,True,none,0,2017-01-03T10:36:41Z,2017-01-03T10:36:41Z,positif
6651837620ee1df904ba4f5e,UC-z1ubmS-iHMVr83EEwRS2g,fNX6Gu2F7A8,Yg rata rata kome di sini<br>90%2019<br>10%kangen ama yt rewind ini <br><br><br><br><br><br>Komentar Coming soon:2020?,yg rata rata kome sinikangen ama yt rewind komentar coming son,@bagaspambudi7755,https://yt3.ggpht.com/-fRS_zlQQPmX8GN5VOSx1Id2GD5Evy4ozkT4D7WBmd4QcNV4xi4istoiRWIdufGgoi56jA6Jfw=s48-c-k-c0x00ffffff-no-rj,http://www.youtube.com/@bagaspambudi7755,UCdyG7oTpTJsqzfhRRshEY8w,True,none,3,2019-11-05T06:04:17Z,2019-11-05T06:04:17Z,netral
6651837620ee1df904ba4ff1,UC-z1ubmS-iHMVr83EEwRS2g,fNX6Gu2F7A8,"<a href=""https://www.youtube.com/watch?v=fNX6Gu2F7A8&amp;t=185"">3:05</a> yang trend skrg klean coret coret foto tu inspirasi dari ini",trend sekarang klean coret coret foto tu inspirasi ini,@zakitorori5078,https://yt3.ggpht.com/ytc/AIdro_lr5YKOYMyYQZ3SuUv_C-5M65p2rtVeinT7hzQL5vgMFe4=s48-c-k-c0x00ffffff-no-rj,http://www.youtube.com/@zakitorori5078,UCSXJ55K7UK0lpqi7oGy0X1Q,True,none,0,2020-12-28T13:58:22Z,2020-12-28T13:58:55Z,netral
6651837620ee1df904ba50cb,UC-z1ubmS-iHMVr83EEwRS2g,fNX6Gu2F7A8,"<a href=""https://www.youtube.com/watch?v=fNX6Gu2F7A8&amp;t=202"">3:22</a> sma <a href=""https://www.youtube.com/watch?v=fNX6Gu2F7A8&amp;t=214"">3:34</a> apa y lgunya",sma apa lgunya,@tyonugroho4556,https://yt3.ggpht.com/ytc/AIdro_m7ahA0U-fKdcVGWILiYWqqWqRF5tAA0dDv9ujOFUc=s48-c-k-c0x00ffffff-no-rj,http://www.youtube.com/@tyonugroho4556,UCSSICb7VnN0fNVB0CPKG8KA,True,none,0,2016-02-17T08:01:13Z,2016-02-17T08:01:13Z,netral
6651837620ee1df904ba5094,UC-z1ubmS-iHMVr83EEwRS2g,fNX6Gu2F7A8,YouTube Rewind 2017 ga ada gan ?,youtube rewind ga gan,@salmasankyu6104,https://yt3.ggpht.com/MURRvKlLIGAgkKWiNSoRcmQOCAyKpqGLZ6Oqzwg2kCYpsO8-mcXh-74LwMfMkUUclcYLntSlwg=s48-c-k-c0x00ffffff-no-rj,http://www.youtube.com/@salmasankyu6104,UCq-JKQVmSZY1GUCCVwkgYrA,True,none,0,2017-12-14T15:58:31Z,2017-12-14T15:58:31Z,netral
6651837620ee1df904ba4d0e,UC-z1ubmS-iHMVr83EEwRS2g,fNX6Gu2F7A8,Lagu di menit 3.24 apa ya?,lagu menit apa,@arkanarhab9455,https://yt3.ggpht.com/ytc/AIdro_nl8rPIbzXYsuNYbpNRd3a_1iJph4TONA_edm1h14qcFyU=s48-c-k-c0x00ffffff-no-rj,http://www.youtube.com/@arkanarhab9455,UCfk-Jc4Tiwf1uM0mWUDWqbQ,True,none,0,2019-11-06T15:04:01Z,2019-11-06T15:04:01Z,netral
6651837620ee1df904ba49bc,UC-z1ubmS-iHMVr83EEwRS2g,fNX6Gu2F7A8,keren üòä,keren,@Asal_Lempar_Fishing,https://yt3.ggpht.com/s29nLptAw2g3cHIVEnfFtNzlyaM2cN5Zdw9Nhw5fdgGJJOIGtiu7QQ_EgEmdCYYgacfJ7aaIDw=s48-c-k-c0x00ffffff-no-rj,http://www.youtube.com/@Asal_Lempar_Fishing,UCy417jTX4RVOloWoME4zFJQ,True,none,0,2023-04-29T00:41:10Z,2023-04-29T00:41:10Z,positif
6651837620ee1df904ba4a23,UC-z1ubmS-iHMVr83EEwRS2g,fNX6Gu2F7A8,Kok sedih ya nonton nya rindu masa&quot; ini sumpah üò•,kok sedih nonton nya rindu masa sumpah,@ragielsquad6147,https://yt3.ggpht.com/ytc/AIdro_kocTXJxVccVxnCfT7TYqlgkEVtdcI1kJanCzTUv7sDJg=s48-c-k-c0x00ffffff-no-rj,http://www.youtube.com/@ragielsquad6147,UC4Xjk-b9nLLACvNL0BAWzwg,True,none,1187,2018-12-11T12:26:56Z,2018-12-11T12:26:56Z,negatif
6651837620ee1df904ba4de2,UC-z1ubmS-iHMVr83EEwRS2g,fNX6Gu2F7A8,gila gua kg bisa ngomong keren man you tobe renwid indonesia 2015 keren habis,gila gua kg ngomong keren man you tobe renwid indonesia keren habis,@matthewwijaya6971,https://yt3.ggpht.com/ytc/AIdro_lgHvgBxrE_CodFM4QZfXBnLRXpYnHHdtBjME54xR4V4A=s48-c-k-c0x00ffffff-no-rj,http://www.youtube.com/@matthewwijaya6971,UC8opBDij3P_168szJeRsezQ,True,none,0,2015-12-26T02:27:04Z,2015-12-26T02:27:04Z,netral
6651837620ee1df904ba4b07,UC-z1ubmS-iHMVr83EEwRS2g,fNX6Gu2F7A8,keren üòä,keren,@Asal_Lempar_Fishing,https://yt3.ggpht.com/s29nLptAw2g3cHIVEnfFtNzlyaM2cN5Zdw9Nhw5fdgGJJOIGtiu7QQ_EgEmdCYYgacfJ7aaIDw=s48-c-k-c0x00ffffff-no-rj,http://www.youtube.com/@Asal_Lempar_Fishing,UCy417jTX4RVOloWoME4zFJQ,True,none,0,2023-04-29T00:41:10Z,2023-04-29T00:41:10Z,positif
6651837620ee1df904ba4f71,UC-z1ubmS-iHMVr83EEwRS2g,fNX6Gu2F7A8,Jadi kangen masa ituüò≠üò≠,jadi kangen masa,@zikriyy5766,https://yt3.ggpht.com/7lCu2J73G3SLBTdtXsoLhYmCLIJTjrezjQVnsgqofgzXiIgRD4eVd1-Py8J5yFan-j4h16C4CQ=s48-c-k-c0x00ffffff-no-rj,http://www.youtube.com/@zikriyy5766,UC_neHNjhSof9UIrZVBdbBnw,True,none,0,2021-01-06T06:21:54Z,2021-01-06T06:21:54Z,positif
6651837620ee1df904ba4f7b,UC-z1ubmS-iHMVr83EEwRS2g,fNX6Gu2F7A8,Full Youtube r no gamer :). Gua suka ytb rewind yg ini,ful youtube no gamer gua suka ytb rewind ini,@naufalrafiftanjung3266,https://yt3.ggpht.com/9ND_b_CN7-ibpmiIPTaKFohMSuQ3uAsUcjUSFN4V9CUgiGODHFS_tW5jcujv1nehROdDZR6krA=s48-c-k-c0x00ffffff-no-rj,http://www.youtube.com/@naufalrafiftanjung3266,UCzRf5hC8qDSrayIsD6qXCIA,True,none,0,2019-07-11T02:36:45Z,2019-07-11T02:36:45Z,netral
6651837620ee1df904ba49b2,UC-z1ubmS-iHMVr83EEwRS2g,fNX6Gu2F7A8,wooooo mantep sekaleee,wo mantep sekale,@ariebbuanaadibyaswara9105,https://yt3.ggpht.com/ytc/AIdro_nqWLJbD0bKQxHMXm-qwTcbqPuG2538hqzKp0ujrbE=s48-c-k-c0x00ffffff-no-rj,http://www.youtube.com/@ariebbuanaadibyaswara9105,UCqPN2KILS2jC4tN3u2VdrsA,True,none,0,2015-12-11T06:08:28Z,2015-12-11T06:08:28Z,positif
6651837620ee1df904ba4e7e,UC-z1ubmS-iHMVr83EEwRS2g,fNX6Gu2F7A8,Youtube rewind tahun 2019 kok gak ada????,youtube rewind tahun tidak,@sandramalhotra1888,https://yt3.ggpht.com/ytc/AIdro_mJ4F0TOnes3Z20xTdJqfrmVQw0ycOXWAi3A2fW2OIpJcI=s48-c-k-c0x00ffffff-no-rj,http://www.youtube.com/@sandramalhotra1888,UCe3NSE42Wq-pGcKEyEz5wxw,True,none,0,2020-12-31T04:12:57Z,2020-12-31T04:12:57Z,negatif
6651837620ee1df904ba4f4f,UC-z1ubmS-iHMVr83EEwRS2g,fNX6Gu2F7A8,"yang di <a href=""https://www.youtube.com/watch?v=fNX6Gu2F7A8&amp;t=135"">02:15</a> itu yg jadi pacar arap di Modus kah?",yang jadi pacar arap di modus,@herlambang8369,https://yt3.ggpht.com/ytc/AIdro_lt9bzTUm2oKGbLYvpw-QLYcmL6zs0qK0kN3c7Yw4g=s48-c-k-c0x00ffffff-no-rj,http://www.youtube.com/@herlambang8369,UCBx46b2mpKsj_xtagn3ZfjA,True,none,0,2016-05-05T16:10:07Z,2016-05-05T16:10:07Z,negatif
6651837620ee1df904ba4bd9,UC-z1ubmS-iHMVr83EEwRS2g,fNX6Gu2F7A8,Gua nonton ini karna Reza arap,gua nonton karna reza arap,@Wreckers.79,https://yt3.ggpht.com/9X5PrE5BaIbr-OkUhRtQH-PO9cVFcp5DOthQRTA66A_QS54SBwXZI2BB4lBMyLriHsRn2HtThg=s48-c-k-c0x00ffffff-no-rj,http://www.youtube.com/@Wreckers.79,UCsS58bZH1bavdnGNvoZE96A,True,none,0,2018-09-13T06:50:48Z,2018-09-13T06:50:48Z,negatif
6651837620ee1df904ba4c23,UC-z1ubmS-iHMVr83EEwRS2g,fNX6Gu2F7A8,Kangen YouTube yg dulu :(,kangen youtube dulu,@cempro1217,https://yt3.ggpht.com/NZ86QqHudEweALY7x70SK3lZ44iykrg91wVczPb8nSoqoMUEE6_GUTEkO_ylCvM-yy4NukYHSA=s48-c-k-c0x00ffffff-no-rj,http://www.youtube.com/@cempro1217,UC9uRSKogTOZM6CIlqQYpzGg,True,none,1,2021-03-17T08:09:39Z,2021-03-17T08:09:39Z,negatif
6651837620ee1df904ba4c9b,UC-z1ubmS-iHMVr83EEwRS2g,fNX6Gu2F7A8,kok gaada edho ya?,kok gada edho,@ekelber9722,https://yt3.ggpht.com/ytc/AIdro_kieqSSyC9W800ru0KVY2DySVKmclzCSew9jptnH-Vdm7MR=s48-c-k-c0x00ffffff-no-rj,http://www.youtube.com/@ekelber9722,UCCxtTie_QXHoMPed44W7O4A,True,none,0,2015-12-21T08:07:38Z,2015-12-21T08:07:38Z,netral
6651837620ee1df904ba4ef8,UC-z1ubmS-iHMVr83EEwRS2g,fNX6Gu2F7A8,yg di luar negri kalah bro,yg luar negri kalah bro,@sultankeciscolonel7652,https://yt3.ggpht.com/ytc/AIdro_m6a7Mf2GJ26zGeak_szCHxzh6ZoY71dcoN8JW8m_xoFg=s48-c-k-c0x00ffffff-no-rj,http://www.youtube.com/@sultankeciscolonel7652,UC4zmfm7i_qJ8k4FuhqRdd6A,True,none,0,2016-12-01T12:58:24Z,2016-12-01T12:58:24Z,negatif
6651837620ee1df904ba49a8,UC-z1ubmS-iHMVr83EEwRS2g,fNX6Gu2F7A8,I love this rewind.  Nice work guys.,love this rewind nice work guys,@mattb3092,https://yt3.ggpht.com/ytc/AIdro_nBRi3ZhPSsv-cupg4j8lm58ZRihUUmf_rlOxrDQQ=s48-c-k-c0x00ffffff-no-rj,http://www.youtube.com/@mattb3092,UCu43fiHip3jGRRejCQlY8Ww,True,none,0,2015-12-31T05:46:29Z,2015-12-31T05:46:29Z,positif
6651837620ee1df904ba4b19,UC-z1ubmS-iHMVr83EEwRS2g,fNX6Gu2F7A8,Ini baru YouTubers,baru youtubers,@muhammadeko6553,https://yt3.ggpht.com/ytc/AIdro_m0EBIX4wx0TCHSmsdFESe95QIyZboJulRmNC3S4yw3SQ=s48-c-k-c0x00ffffff-no-rj,http://www.youtube.com/@muhammadeko6553,UCVe7cF2mdNh-oy608LrQ-vg,True,none,1,2020-07-08T06:39:00Z,2020-07-08T06:39:00Z,netral
6651837620ee1df904ba4b92,UC-z1ubmS-iHMVr83EEwRS2g,fNX6Gu2F7A8,bagus banget aku ngefans sama isyana sarasvati,bagus banget aku ngefans sama isyana sarasvati,@thamrinsalim4867,https://yt3.ggpht.com/ytc/AIdro_mgbSaYgWCsXDb1RqQYP3GG2ebZ_0n-ejQbx0r9ehtRJBQ=s48-c-k-c0x00ffffff-no-rj,http://www.youtube.com/@thamrinsalim4867,UCHeuVox1pOCHktDr2qFqJ7Q,True,none,0,2015-12-13T05:58:03Z,2015-12-13T05:58:03Z,positif
6651837620ee1df904ba4c07,UC-z1ubmS-iHMVr83EEwRS2g,fNX6Gu2F7A8,"Yoman rich chigga (Biasa, ni anak pea baru nonton)",yoman rich chiga biasa ni anak pea baru nonton,@WestMattYT,https://yt3.ggpht.com/ytc/AIdro_ngcjwlxhctu0X-3oiNzDS1ZsK6YHTVtOUfE2hCPUS8PNc=s48-c-k-c0x00ffffff-no-rj,http://www.youtube.com/@WestMattYT,UC2sExw3ubtho0ZpeW2CqP0Q,True,none,0,2016-12-23T05:12:59Z,2016-12-23T05:12:59Z,netral
6651837620ee1df904ba4cb5,UC-z1ubmS-iHMVr83EEwRS2g,fNX6Gu2F7A8,gillaaaa keren abiss..ampe merinding sampe gak bosen nontonnyaa,gila keren abisampe merinding sampe bosen nontonya,@najmakalisa8483,https://yt3.ggpht.com/ytc/AIdro_kunKaBl9R-6_WFdBixty5o7hJku76_PPOuDIDxUXY=s48-c-k-c0x00ffffff-no-rj,http://www.youtube.com/@najmakalisa8483,UCyvqv99on4J4qDdAhx_trPQ,True,none,0,2016-01-09T11:31:01Z,2016-01-09T11:31:01Z,positif
6651837620ee1df904ba4b90,UC-z1ubmS-iHMVr83EEwRS2g,fNX6Gu2F7A8,Keren Gokil !!!,keren gokil,@sultanrasyid7894,https://yt3.ggpht.com/ytc/AIdro_mTJSuRb8Kk3zKqzH6aDthfHob7TC3GJgUSePFBYE6j6g=s48-c-k-c0x00ffffff-no-rj,http://www.youtube.com/@sultanrasyid7894,UCUcSL4r2gTgXlwnjdx2fYfg,True,none,0,2016-01-17T05:41:17Z,2016-01-17T05:41:17Z,positif
6651837620ee1df904ba4d84,UC-z1ubmS-iHMVr83EEwRS2g,fNX6Gu2F7A8,"2022 baru nonton nih,",baru nonton nih,@mamalemon4139,https://yt3.ggpht.com/ytc/AIdro_kFvVMHaYXDY_nTdqPF7-TkbiMy6pwKv0nOUM2l0FXsiXA=s48-c-k-c0x00ffffff-no-rj,http://www.youtube.com/@mamalemon4139,UC23dAJPDbuQ1S1_okKyp3-Q,True,none,2,2022-01-05T14:11:03Z,2022-01-05T14:11:03Z,netral
6651837620ee1df904ba4e70,UC-z1ubmS-iHMVr83EEwRS2g,fNX6Gu2F7A8,Kangen youtube zaman iniüò¢,kangen youtube zaman,@ululharahap3255,https://yt3.ggpht.com/ytc/AIdro_kZgoKKmuORrqsHmq3pqU7iJtC4E0PzT7R_A6LJAW0jkzY=s48-c-k-c0x00ffffff-no-rj,http://www.youtube.com/@ululharahap3255,UC7crKxYAVqgtO-zt9P-LM7Q,True,none,0,2018-09-18T11:59:49Z,2018-09-18T11:59:49Z,positif
6651837620ee1df904ba50f8,UC-z1ubmS-iHMVr83EEwRS2g,fNX6Gu2F7A8,love all of you üòÇüòÇ,love al of you,@putumandalika4947,https://yt3.ggpht.com/ScO780qj6y5BSYdKSaq-yazbMN4UBIEaTIAvWQETnbRjWl_KzLZ6IZTeVE8n6iB93XmrM2gPWw=s48-c-k-c0x00ffffff-no-rj,http://www.youtube.com/@putumandalika4947,UCXd3KyPN8p2TNBcBdG_KSsA,True,none,0,2016-03-03T03:29:59Z,2016-03-03T03:29:59Z,positif
6651837620ee1df904ba4b8e,UC-z1ubmS-iHMVr83EEwRS2g,fNX6Gu2F7A8,Itu judul lagu nya apa,judul lagu nya apa,@yoelbonardo642,https://yt3.ggpht.com/ytc/AIdro_lzDQd1ad9BhuZx4CQvfvv8ayxSnlEYrpEX1-kIDvv0JQ=s48-c-k-c0x00ffffff-no-rj,http://www.youtube.com/@yoelbonardo642,UCgAW1UE44BrQxfTbICTWPIA,True,none,0,2019-05-31T08:02:17Z,2019-05-31T08:02:17Z,netral
6651837620ee1df904ba4c5c,UC-z1ubmS-iHMVr83EEwRS2g,fNX6Gu2F7A8,"apa cuman gua doang yang ngerasa pas <a href=""https://www.youtube.com/watch?v=fNX6Gu2F7A8&amp;t=38"">0:38</a>  itu kek mvnya call me baby.-.",apa cuman gua doang ngerasa pas kek mvnya cal me baby,@risya5669,https://yt3.ggpht.com/ytc/AIdro_l1v2fJ9FVl_U576rWOm3TiEDE0bt7Wozk7zgxM2sonCvRq=s48-c-k-c0x00ffffff-no-rj,http://www.youtube.com/@risya5669,UComXNO2A-oYQm3nqe6fecqA,True,none,0,2015-12-27T16:40:24Z,2015-12-27T16:40:24Z,negatif
6651837620ee1df904ba4d6d,UC-z1ubmS-iHMVr83EEwRS2g,fNX6Gu2F7A8,mamam tu,mamam tu,@fajrinm7100,https://yt3.ggpht.com/ytc/AIdro_l8jbvxE7VljyPI5QJ-v3JKq_MWqZCHiH8UNLF3wJWbFA=s48-c-k-c0x00ffffff-no-rj,http://www.youtube.com/@fajrinm7100,UCSa0DcAbCXORossyz2O2kcQ,True,none,0,2016-02-02T01:39:41Z,2016-02-02T01:39:41Z,negatif
6651837620ee1df904ba4c62,UC-z1ubmS-iHMVr83EEwRS2g,fNX6Gu2F7A8,"<a href=""https://www.youtube.com/watch?v=fNX6Gu2F7A8&amp;t=215"">3:35</a> lagu apa itu?",lagu apa,@elzzinhere,https://yt3.ggpht.com/mh1OKRNvFSI2zA2MlxIdrDKiIMxG60RRHhnU7RqoxhWsCYz39ns7ketu9c2QHF1QUbeC7R2Y=s48-c-k-c0x00ffffff-no-rj,http://www.youtube.com/@elzzinhere,UC38YLMtJvmv8-kjsI5WXpLw,True,none,1,2021-01-21T01:41:10Z,2021-01-21T01:41:10Z,netral
6651837620ee1df904ba4db2,UC-z1ubmS-iHMVr83EEwRS2g,fNX6Gu2F7A8,Baru engeh kalau ada my favorit rich Brian,baru engeh kalau my favorit rich brian,@cinematographyvideos4091,https://yt3.ggpht.com/RxGQiS-BlIMhL3eNE0m5mRcQv7F5B4e3zAFqaVtWGTxz5RomStmnvoU62jut9BLpmkOi89Mv1l4=s48-c-k-c0x00ffffff-no-rj,http://www.youtube.com/@cinematographyvideos4091,UCt1_VaT_fDhnOOc9Nmr1Dig,True,none,0,2019-11-01T10:57:01Z,2019-11-01T10:57:01Z,netral
6651837620ee1df904ba49e8,UC-z1ubmS-iHMVr83EEwRS2g,fNX6Gu2F7A8,nessy dulu nya duh üòòüòò.,nesy dulu nya duh,@rudimustof1270,https://yt3.ggpht.com/ytc/AIdro_mzf9OLPWrOx5wHDS121lGMEIcdArAmdHsILqctpkSlsA=s48-c-k-c0x00ffffff-no-rj,http://www.youtube.com/@rudimustof1270,UCeu-dS3yjz33-rmpWorlYyQ,True,none,0,2021-07-01T15:33:51Z,2021-07-01T15:33:51Z,negatif
6651837620ee1df904ba502c,UC-z1ubmS-iHMVr83EEwRS2g,fNX6Gu2F7A8,apa cuma gue yg kesini cuma buat liat rich chigga,apa cuma gue kesini cuma buat liat rich chiga,@hawwakhairunniisa8383,https://yt3.ggpht.com/ytc/AIdro_lNjbsfAAU76M5Nu9KZ6Cc54bd0N05L3DiwHsHyqHzoIlg=s48-c-k-c0x00ffffff-no-rj,http://www.youtube.com/@hawwakhairunniisa8383,UCUKQVLlTDbBb9_IcUVDW0OA,True,none,1,2016-12-21T05:10:34Z,2016-12-21T05:10:34Z,netral
6651837620ee1df904ba4b87,UC-z1ubmS-iHMVr83EEwRS2g,fNX6Gu2F7A8,Sebelum Reza Oktovian apus channel,reza oktovian apus chanel,@hasans._,https://yt3.ggpht.com/v_ukNA6mxdA0XjW2MC1ycKRtP_1JtwPn8qbBoIq1VQJaOeiraPjwnadqT_3FKTCvY1rSfvi5=s48-c-k-c0x00ffffff-no-rj,http://www.youtube.com/@hasans._,UCVi64YELLEczfhjO5f8oF0Q,True,none,0,2019-12-13T13:06:30Z,2019-12-13T13:06:30Z,negatif
6651837620ee1df904ba4c43,UC-z1ubmS-iHMVr83EEwRS2g,fNX6Gu2F7A8,BOOOMMM!!!! PETJAH!!!! MERINDING GW,bom petjah merinding gw,@fanniasyifa8726,https://yt3.ggpht.com/ytc/AIdro_lpHHbnQ56JUWyGWdE3N8iU9T7XwrRi3oJaTGcSbUhRkP4=s48-c-k-c0x00ffffff-no-rj,http://www.youtube.com/@fanniasyifa8726,UCRWDeiLX12G42aX-zJLT3ZA,True,none,0,2015-12-11T06:11:30Z,2015-12-11T06:11:30Z,positif
6651837620ee1df904ba503c,UC-z1ubmS-iHMVr83EEwRS2g,fNX6Gu2F7A8,EEEE MANA NJIR UDAH LEWAT,mana kagum udah lewat,@ledyavegaadiputrie7821,https://yt3.ggpht.com/ytc/AIdro_mmbMBr3zF7VDQ64If0ZcKEXW4xjZdxKLhqK8pqC6tr7R4=s48-c-k-c0x00ffffff-no-rj,http://www.youtube.com/@ledyavegaadiputrie7821,UCqkHxfwogq4utkSDmkskjmw,True,none,0,2016-12-18T12:13:07Z,2016-12-18T12:13:07Z,positif
6651837620ee1df904ba4d50,UC-z1ubmS-iHMVr83EEwRS2g,fNX6Gu2F7A8,Mulut netizen mah ga ada habis nya,mulut netizen mah ga habis nya,@wisnusaputra3281,https://yt3.ggpht.com/ytc/AIdro_ngcxtZnHEqZK5QcsX4dUrUhBlkbirVJROTylEpjTk=s48-c-k-c0x00ffffff-no-rj,http://www.youtube.com/@wisnusaputra3281,UCIkzbymkpu5ZH2C1syfu0Hw,True,none,0,2018-12-20T12:12:12Z,2018-12-20T12:12:12Z,negatif
6651837620ee1df904ba5052,UC-z1ubmS-iHMVr83EEwRS2g,fNX6Gu2F7A8,kangen sii cuman yaa youtube uda ancur karena penontonnya sendiri,kangen si cuman youtube uda ancur penontonya sendiri,@FiveStarsChannels,https://yt3.ggpht.com/ytc/AIdro_mtcu_P1O3yQzwTmKYDSFrGXW614aiYaGq0zXSCRJKgPEU=s48-c-k-c0x00ffffff-no-rj,http://www.youtube.com/@FiveStarsChannels,UC_Cf4SX_9qS0NO6Pv7Py2rQ,True,none,0,2019-05-09T04:06:10Z,2019-05-09T04:06:10Z,negatif
6651837620ee1df904ba49d3,UC-z1ubmS-iHMVr83EEwRS2g,fNX6Gu2F7A8,keren bingittzz..tau.gak bosan nontonnya gak sabar yang youtube rewind 2016,keren bingitztaugak bosan nontonya sabar youtube rewind,@annisadarussalam8695,https://yt3.ggpht.com/ytc/AIdro_mIlPejhTzVPfJbH47RpDXpUaBHtDbdcXl2He-MP8s=s48-c-k-c0x00ffffff-no-rj,http://www.youtube.com/@annisadarussalam8695,UCcHxO1RpDYKh_U999pJVqBQ,True,none,0,2015-12-31T23:36:32Z,2015-12-31T23:36:32Z,positif
6651837620ee1df904ba4e44,UC-z1ubmS-iHMVr83EEwRS2g,fNX6Gu2F7A8,laurebtiusrando plz subscribe,laurebtiusrando plz subscribe,@ryanelimm6627,https://yt3.ggpht.com/ytc/AIdro_k5AJPgbRTruUWKGCJqzXCMHCYdKEsC4FZ52bn5P4zL5PA=s48-c-k-c0x00ffffff-no-rj,http://www.youtube.com/@ryanelimm6627,UC2j_GBYMVFQq-VHVYdrcXGA,True,none,0,2016-01-14T13:17:07Z,2016-01-14T13:17:07Z,negatif
6651837620ee1df904ba4def,UC-z1ubmS-iHMVr83EEwRS2g,fNX6Gu2F7A8,man i miss this,man mis this,@arifadill,https://yt3.ggpht.com/Ed4n3ei5Wvg9NkQUUrzP9hUWeNluKT-99N9pVgRak0sn46nQBjWeoIECH9kV6s5vsnnvr7URdg=s48-c-k-c0x00ffffff-no-rj,http://www.youtube.com/@arifadill,UCzc2mgRXm0hB9vxHvDroIWA,True,none,0,2020-12-30T08:44:53Z,2020-12-30T08:44:53Z,negatif
6651837620ee1df904ba4c20,UC-z1ubmS-iHMVr83EEwRS2g,fNX6Gu2F7A8,pasti pada kesini abis nonton youtube rewind 2020 kan ?,pada kesini abis nonton youtube rewind kan,@riofebrizar5146,https://yt3.ggpht.com/ytc/AIdro_kL_1i-194roqf19fovE8GBv_yMmivlm7MRZOe5TNysfP8A=s48-c-k-c0x00ffffff-no-rj,http://www.youtube.com/@riofebrizar5146,UC-PFREXpDquI9hS5T-EyaFw,True,none,0,2020-12-28T13:46:39Z,2020-12-28T13:46:39Z,netral
6651837620ee1df904ba4d32,UC-z1ubmS-iHMVr83EEwRS2g,fNX6Gu2F7A8,lama publish 2016 nyaa:&#39;,lama publish nya,@annuurkhairunenisa9902,https://yt3.ggpht.com/ytc/AIdro_lhmHwDSM3FBIHiXlpBmHhabLlIwO5DDj_wvayeQ1csV7I=s48-c-k-c0x00ffffff-no-rj,http://www.youtube.com/@annuurkhairunenisa9902,UCx49Jh6-QiKq_h-ImWn_PDA,True,none,0,2016-12-18T12:07:44Z,2016-12-18T12:07:44Z,negatif
6651837620ee1df904ba4e37,UC-z1ubmS-iHMVr83EEwRS2g,fNX6Gu2F7A8,Bentar lagi 2017 buat dong youtube rewindnya,bentar buat dong youtube rewindnya,@kelvinramadhan9563,https://yt3.ggpht.com/ytc/AIdro_mhhzUjJKhkKONXI-etxBy8n-6_skK-opLam4bzpPFiojo=s48-c-k-c0x00ffffff-no-rj,http://www.youtube.com/@kelvinramadhan9563,UClj60aduPIp1yAVUvXD8JSQ,True,none,0,2016-12-04T01:34:15Z,2016-12-04T01:34:15Z,negatif
6651837620ee1df904ba4ac8,UC-z1ubmS-iHMVr83EEwRS2g,fNX6Gu2F7A8,keren üòä,keren,@Asal_Lempar_Fishing,https://yt3.ggpht.com/s29nLptAw2g3cHIVEnfFtNzlyaM2cN5Zdw9Nhw5fdgGJJOIGtiu7QQ_EgEmdCYYgacfJ7aaIDw=s48-c-k-c0x00ffffff-no-rj,http://www.youtube.com/@Asal_Lempar_Fishing,UCy417jTX4RVOloWoME4zFJQ,True,none,0,2023-04-29T00:41:10Z,2023-04-29T00:41:10Z,positif
6651837620ee1df904ba50f7,UC-z1ubmS-iHMVr83EEwRS2g,fNX6Gu2F7A8,"Abis nonton youtube rewind 2020,gokil pecah youtube rewind2020",abis nonton youtube rewind gokil pecah youtube rewind,@bayusetiawan9945,https://yt3.ggpht.com/ytc/AIdro_kLdkCGERMPhmVGh_XbJaChkIgzKJBoYRjMCdHvQ2A=s48-c-k-c0x00ffffff-no-rj,http://www.youtube.com/@bayusetiawan9945,UCwYkICgtndPH-7t-VnIPIdw,True,none,1,2020-12-28T13:17:18Z,2020-12-28T13:17:18Z,positif
6651837620ee1df904ba4bb1,UC-z1ubmS-iHMVr83EEwRS2g,fNX6Gu2F7A8,ini sudah 2016 pas YouTuberewind 2016 harus Ada Miaoaug atau Kevin anggara,sudah pas youtuberewind ada miaoaug kevin angara,@fatimahasyarikaltim629,https://yt3.ggpht.com/ytc/AIdro_mNT-28cWujIck0X5iRNR54GbAnlvwmnC56_Y2aUjiqjPg=s48-c-k-c0x00ffffff-no-rj,http://www.youtube.com/@fatimahasyarikaltim629,UCs0CvQQIKOgHFiwmZuqIJtA,True,none,0,2016-08-16T23:35:52Z,2016-08-16T23:35:52Z,netral
6651837620ee1df904ba49bb,UC-z1ubmS-iHMVr83EEwRS2g,fNX6Gu2F7A8,Yang nonton lagi di tahun 2024 acung jari‚òùÔ∏è,nonton di tahun acung jari,@mdaffajanuar2056,https://yt3.ggpht.com/ytc/AIdro_l3hGwzqbqyzCq89w3igNcRWaSvdgbEB1Df7kw2dJOX2POb=s48-c-k-c0x00ffffff-no-rj,http://www.youtube.com/@mdaffajanuar2056,UCT59IZSLvgTlKU4sCO0l67w,True,none,2,2024-01-15T14:44:33Z,2024-01-15T14:44:33Z,negatif
6651837620ee1df904ba511b,UC-z1ubmS-iHMVr83EEwRS2g,fNX6Gu2F7A8,Siapa yang baru nyadar bahwa rich brian masuk yt rewind 2015 pada des 2018,siapa baru nyadar rich brian masuk yt rewind des,@sulthancipinang954,https://yt3.ggpht.com/ytc/AIdro_nqRzbarhkJILPFj_ICKXgC_9sBbBK5ZKrpU6P9O1s=s48-c-k-c0x00ffffff-no-rj,http://www.youtube.com/@sulthancipinang954,UC331mD4QGfV10MbGrp-dk9w,True,none,0,2018-12-24T06:00:01Z,2018-12-24T06:00:01Z,netral
6651837620ee1df904ba4c87,UC-z1ubmS-iHMVr83EEwRS2g,fNX6Gu2F7A8,Gile gak ada bosennya nonton video ini,gile ada bosenya nonton video,@rizkymumtaza,https://yt3.ggpht.com/ytc/AIdro_nv1gT1s3bD8Mf_cXQdREAEgWIxvxSHn4bg0XdCAd3anHU=s48-c-k-c0x00ffffff-no-rj,http://www.youtube.com/@rizkymumtaza,UCQK4cOP8ZiznILh_HPtDqUA,True,none,1,2016-01-07T12:13:16Z,2016-01-07T12:13:16Z,negatif
6651837620ee1df904ba4c5e,UC-z1ubmS-iHMVr83EEwRS2g,fNX6Gu2F7A8,atta kok ga ada gimana si ini<br><br><br><br><br><br><br><br>awkwkwkwk,ata ga gimana si iniawkwkwkwk,@gandibayu6152,https://yt3.ggpht.com/ytc/AIdro_n7iDNQS9zwigxSTukjE7gZJuvvxNoWKk-IP8W2vPt6hA=s48-c-k-c0x00ffffff-no-rj,http://www.youtube.com/@gandibayu6152,UCbBztotV-gbxpDUi3pBKzRA,True,none,1,2019-06-27T19:14:06Z,2019-06-27T19:14:06Z,negatif
6651837620ee1df904ba4d2a,UC-z1ubmS-iHMVr83EEwRS2g,fNX6Gu2F7A8,KEREN BANGETTTTüò≠üò≠üò≠,keren banget,@sabrinaasyifa4976,https://yt3.ggpht.com/ytc/AIdro_krLkKo3-8xEPHRgyo8ctJvnVCuE9OzOJzCHb7HEuRB3SM=s48-c-k-c0x00ffffff-no-rj,http://www.youtube.com/@sabrinaasyifa4976,UChBsrc4deOpOxp5gTGo5nFg,True,none,0,2024-01-13T20:20:11Z,2024-01-13T20:20:11Z,positif
6651837620ee1df904ba4cd5,UC-z1ubmS-iHMVr83EEwRS2g,fNX6Gu2F7A8,2016 mesti ada all youtuber gaming,mesti al youtuber gaming,@aryagumay,https://yt3.ggpht.com/ytc/AIdro_mMAb2Hp4uK2vkMdLeVOYZcaMzR9cNSsKWi1hRNfuPhSyU=s48-c-k-c0x00ffffff-no-rj,http://www.youtube.com/@aryagumay,UC_mW-SrqBk1-9wce8X-xHZg,True,none,0,2016-12-08T07:44:16Z,2016-12-08T07:44:16Z,negatif
6651837620ee1df904ba4d71,UC-z1ubmS-iHMVr83EEwRS2g,fNX6Gu2F7A8,Miauaug mana kok gak ada,miauaug mana tidak,@sitiistivarina3851,https://yt3.ggpht.com/ytc/AIdro_nOjFcGpiduwXHSHVglzWE6PN4w4pyRejBsth-HbZ387vo=s48-c-k-c0x00ffffff-no-rj,http://www.youtube.com/@sitiistivarina3851,UCULP9jTY8i8v2allWLN5fNw,True,none,0,2017-12-11T13:55:25Z,2017-12-11T13:55:25Z,negatif
6651837620ee1df904ba4ed6,UC-z1ubmS-iHMVr83EEwRS2g,fNX6Gu2F7A8,"Bang aulion seng paling uapikk poll,sorry aku arek suroboyo",bang aulion seng paling uapik polsory aku arek suroboyo,@faisalamri7532,https://yt3.ggpht.com/ytc/AIdro_kKUR-1BtzRy5UUl0La7Kuhf2STf-lMUTw8SL1bx2OQQHg=s48-c-k-c0x00ffffff-no-rj,http://www.youtube.com/@faisalamri7532,UCk7x-a2ZX6N464NWPsihpFA,True,none,0,2015-12-15T09:54:36Z,2015-12-15T09:54:36Z,positif
6651837620ee1df904ba4cab,UC-z1ubmS-iHMVr83EEwRS2g,fNX6Gu2F7A8,Zaman SMP njy,zaman smp njy,@aizen1080,https://yt3.ggpht.com/qIQ7fJTsghDyOvfBnwq_LkiVVTyheZ5tGR7u9pfe7NJepRRm6P_0864sjUxJYvZOM-r41Ewv=s48-c-k-c0x00ffffff-no-rj,http://www.youtube.com/@aizen1080,UCAxlEhmtVWcq1A7Wp9vj11Q,True,none,0,2019-09-03T08:51:02Z,2019-09-03T08:51:02Z,negatif
6651837620ee1df904ba4ad9,UC-z1ubmS-iHMVr83EEwRS2g,fNX6Gu2F7A8,wiiiih ada brian imanuel,wih brian imanuel,@sunnyzxx599,https://yt3.ggpht.com/ytc/AIdro_kXnNQcnTisfv78c6FUHycSt9ErYJeewRPmhgIdDOC-snM=s48-c-k-c0x00ffffff-no-rj,http://www.youtube.com/@sunnyzxx599,UCKtzWzh9SHsO5RGiYRdBwdw,True,none,0,2016-12-04T01:05:06Z,2016-12-04T01:05:06Z,netral
6651837620ee1df904ba4ef5,UC-z1ubmS-iHMVr83EEwRS2g,fNX6Gu2F7A8,"WOOW ,PECAHHHHHHHH <a href=""http://www.youtube.com/results?search_query=%23ooowwwwwww"">#OOOWWWWWWW</a> <br>KEREN GILAA , <br><br>GAK SABAR NUNGGU TAHUN DEPAN !<br>KEEP AWESOME YOUTUBERS INDONESIA :)",wow pecah keren gila sabar nungu tahun depan kep awesome youtubers indonesia,@wulanshonyasaputri3208,https://yt3.ggpht.com/ytc/AIdro_khVJa7ya0u6Gx5BhdwbYM_YafXlegd9AzV2amJtT8PPak=s48-c-k-c0x00ffffff-no-rj,http://www.youtube.com/@wulanshonyasaputri3208,UC2-wbA81sCOvDmJxtpbWvUw,True,none,0,2015-12-19T04:24:28Z,2015-12-19T04:24:28Z,positif
6651837620ee1df904ba4a8f,UC-z1ubmS-iHMVr83EEwRS2g,fNX6Gu2F7A8,"GW YAKIN 100% <a href=""https://www.youtube.com/watch?v=fNX6Gu2F7A8&amp;t=66"">1:06</a> ITU BUKAN TIK TOK YAKIN GUE",gw yakin bukan tik tok yakin gue,@pudpudch6156,https://yt3.ggpht.com/ytc/AIdro_lIouGmcNIWKJt11jZ5RpbnCNzim-cNJfTs-sB1ZgHNGHc=s48-c-k-c0x00ffffff-no-rj,http://www.youtube.com/@pudpudch6156,UC_kBuXjcyBg_xk8mzqtbDMA,True,none,0,2020-07-20T07:42:46Z,2020-07-20T07:42:46Z,negatif
6651837620ee1df904ba4e2c,UC-z1ubmS-iHMVr83EEwRS2g,fNX6Gu2F7A8,Nonton di 2024,nonton,@user-zb5py4wc3o,https://yt3.ggpht.com/ytc/AIdro_ni15GnoZxZFWAgO4lmNU1XWIwSokqzB1FbX2yZ1LOfGC0NIraLSZ10Aljb8WGjsHzlfQ=s48-c-k-c0x00ffffff-no-rj,http://www.youtube.com/@user-zb5py4wc3o,UCV8fQiXcCOhIq2FONaYcgTA,True,none,0,2024-01-17T13:44:42Z,2024-01-17T13:44:42Z,netral
6651837620ee1df904ba506b,UC-z1ubmS-iHMVr83EEwRS2g,fNX6Gu2F7A8,1.56 ko kaya si jo anjir,ko kaya si jo anjir,@xianci3836,https://yt3.ggpht.com/8PMf8v-r6dz4l3Pb0a0uEg_2Zu6eTkhy3swmr2nCdUBbtN3OA4tcHfv_IW23cy-H57iQisexcA=s48-c-k-c0x00ffffff-no-rj,http://www.youtube.com/@xianci3836,UCm9NVXG9tl98HRrvKsa9C9g,True,none,0,2019-09-29T18:27:20Z,2019-09-29T18:27:20Z,negatif
6651837620ee1df904ba4a36,UC-z1ubmS-iHMVr83EEwRS2g,fNX6Gu2F7A8,Siapa yg kesini abis liat rewind 2023 trs kesini buat inget youtuber&quot;yg udh pensiü•≤,siapa kesini abis liat rewind trs kesini buat inget youtuberyg udh pensi,@putraari6984,https://yt3.ggpht.com/ytc/AIdro_nchLhmM7anihtcvp0QxCbBlE7dy9NxTRw-08UpSCA=s48-c-k-c0x00ffffff-no-rj,http://www.youtube.com/@putraari6984,UCtsaMQq7qZ4ch4QlZX3xyxA,True,none,0,2024-01-13T06:08:32Z,2024-01-13T06:08:32Z,netral
6651837620ee1df904ba4b4b,UC-z1ubmS-iHMVr83EEwRS2g,fNX6Gu2F7A8,keren abiz,keren abiz,@saragih5930,https://yt3.ggpht.com/ytc/AIdro_k73R2NqtLlfXeyzAB0OwkyLtXdt7oKHt60jkPVlnBYexg=s48-c-k-c0x00ffffff-no-rj,http://www.youtube.com/@saragih5930,UCNW6jPFbYpDy_RUHaR8JYUA,True,none,0,2016-01-04T06:13:44Z,2016-01-04T06:13:44Z,positif
6651837620ee1df904ba4b27,UC-z1ubmS-iHMVr83EEwRS2g,fNX6Gu2F7A8,Serasa Baru Kemaren,serasa baru kemaren,@iamnothuman758,https://yt3.ggpht.com/ytc/AIdro_lGfjV1Fkqwj4zQumGVQwG8QYysqCPbuwDHEEnHRg0-FQ=s48-c-k-c0x00ffffff-no-rj,http://www.youtube.com/@iamnothuman758,UC5aaNoqIbqXaS2ObHIKO_8g,True,none,0,2020-09-25T10:05:26Z,2020-09-25T10:05:26Z,netral
6651837620ee1df904ba5022,UC-z1ubmS-iHMVr83EEwRS2g,fNX6Gu2F7A8,KEREN BANGETTTTüò≠üò≠üò≠,keren banget,@sabrinaasyifa4976,https://yt3.ggpht.com/ytc/AIdro_krLkKo3-8xEPHRgyo8ctJvnVCuE9OzOJzCHb7HEuRB3SM=s48-c-k-c0x00ffffff-no-rj,http://www.youtube.com/@sabrinaasyifa4976,UChBsrc4deOpOxp5gTGo5nFg,True,none,0,2024-01-13T20:20:11Z,2024-01-13T20:20:11Z,positif
6651837620ee1df904ba4a55,UC-z1ubmS-iHMVr83EEwRS2g,fNX6Gu2F7A8,"Btw mashup nya mantep, good lah buat music creator nya :) Keep on moving.",btw mashup nya mantep god lah buat music creator nya kep on moving,@akasbreekol4595,https://yt3.ggpht.com/ytc/AIdro_nTgPpDevwuedGmycmMmHnMZt97QXXeiCPlBaXpYckrYw=s48-c-k-c0x00ffffff-no-rj,http://www.youtube.com/@akasbreekol4595,UCzBSyvrVAIDDfbJKxou0v9A,True,none,0,2015-12-19T13:20:06Z,2015-12-19T13:20:06Z,positif
